C:\0HQ\202306\20230611\85120Çx25Å|ÇkÇb\F-SQP305098-P12-01_F.csv
MesAreaX (mm),1200,,à⁄ìÆïΩãœ,3,,Max,6.11,,,,,,,,,,,,,,,,,,,,,,,,,,,,,,,,,,,,,,,,,,,,,,,,,,,,,,,,,,,,,,,,,,,,,,,,,
MesAreaY (mm),850,,ÉÅÉfÉBÉAÉì,3,,Min,-7.20,,,,,,,,,,,,,,,,,,,,,,,,,,,,,,,,,,,,,,,,,,,,,,,,,,,,,,,,,,,,,,,,,,,,,,,,,,
Pitch  X (mm),10,,ïiéÌ,85120Çx25Å|ÇkÇb,,P-V,13.31,,,,,,,,,,,,,,,,,,,,,,,,,,,,,,,,,,,,,,,,,,,,,,,,,,,,,,,,,,,,,,,,,,,,,,,,,,,
Pitch  Y (mm),10,,ï‚ê≥,85120FC,,,,,,,,,,,,,,,,,,,,,,,,,,,,,,,,,,,,,,,,,,,,,,,,,,,,,,,,,,,,,,,,,,,,,,,,,,,,,
NA,NA,NA,NA,NA,NA,NA,NA,NA,NA,NA,NA,NA,NA,NA,NA,NA,NA,NA,NA,NA,NA,NA,NA,NA,NA,NA,NA,NA,NA,NA,NA,NA,NA,NA,NA,NA,NA,NA,NA,NA,NA,NA,NA,NA,NA,NA,NA,NA,NA,NA,NA,NA,NA,NA,NA,NA,NA,NA,NA,NA,NA,NA,NA,NA,NA,NA,NA,NA,NA,NA,NA,NA,NA,NA,NA,NA,NA,NA,NA,NA,NA,NA,NA,NA,NA,NA,NA,NA,NA,NA,NA,NA,NA,NA,NA,NA,NA,NA,NA,NA,NA,NA,NA,NA,NA,NA,NA,NA,NA,NA,NA,NA,NA,NA,NA,NA,NA,NA,NA,NA
NA,NA,NA,NA,NA,NA,NA,NA,NA,NA,NA,NA,NA,NA,NA,NA,NA,NA,NA,NA,NA,NA,NA,NA,NA,NA,NA,NA,NA,NA,NA,NA,NA,NA,NA,NA,NA,NA,NA,NA,NA,NA,NA,NA,NA,NA,NA,NA,NA,NA,NA,NA,NA,NA,NA,NA,NA,NA,NA,NA,NA,NA,NA,NA,NA,NA,NA,NA,NA,NA,NA,NA,NA,NA,NA,NA,NA,NA,NA,NA,NA,NA,NA,NA,NA,NA,NA,NA,NA,NA,NA,NA,NA,NA,NA,NA,NA,NA,NA,NA,NA,NA,NA,NA,NA,NA,NA,NA,NA,NA,NA,NA,NA,NA,NA,NA,NA,NA,NA,NA,NA
NA,NA,NA,NA,NA,NA,NA,NA,NA,NA,NA,NA,NA,NA,NA,NA,NA,NA,NA,NA,NA,NA,NA,NA,NA,NA,NA,NA,NA,NA,NA,NA,NA,NA,NA,NA,NA,NA,NA,NA,NA,NA,NA,NA,NA,NA,NA,NA,NA,NA,NA,NA,NA,NA,NA,NA,NA,NA,NA,NA,NA,NA,NA,NA,NA,NA,NA,NA,NA,NA,NA,NA,NA,NA,NA,NA,NA,NA,NA,NA,NA,NA,NA,NA,NA,NA,NA,NA,NA,NA,NA,NA,NA,NA,NA,NA,NA,NA,NA,NA,NA,NA,NA,NA,NA,NA,NA,NA,NA,NA,NA,NA,NA,NA,NA,NA,NA,NA,NA,NA,NA
NA,NA,NA,-1.502799,-1.528957,-1.601188,-1.680561,-1.750389,-1.810027,-1.863695,-1.89931,-1.919829,-1.926344,-1.922226,-1.914277,-1.902596,-1.881116,-1.835953,-1.763431,-1.653181,-1.509337,-1.350518,-1.190837,-1.010112,-0.8110017,-0.6123406,-0.4073544,-0.1857727,6.871703E-02,0.3142534,0.5343121,0.7253938,0.8911644,1.033818,1.155995,1.257648,1.365418,1.492056,1.625478,1.76401,1.894249,1.996732,2.061965,2.1036,2.127562,2.144079,2.157562,2.165996,2.165176,2.150423,2.114094,2.057821,1.993104,1.92313,1.859971,1.80355,1.746212,1.690463,1.643317,1.597122,1.561648,1.545019,1.543941,1.535215,1.509898,1.468231,1.415638,1.35526,1.30903,1.2947,1.296864,1.299653,1.290437,1.2529,1.169949,1.056989,0.9214728,0.7623456,0.5829342,0.4063922,0.2216612,0.0169725,-0.1951378,-0.4104981,-0.6278707,-0.8445777,-1.056579,-1.275172,-1.49928,-1.741935,-2.010629,-2.322274,-2.657182,-2.990542,-3.326486,-3.671485,-4.016137,-4.357959,-4.705968,-5.065856,-5.414078,-5.729265,-6.039881,-6.330863,-6.588084,-6.81718,-7.015777,-7.150876,-7.197097,-7.127941,-6.937571,-6.629937,-6.217045,-5.707308,-5.1165,-4.501489,-4.012496,-3.741558,NA,NA,NA
NA,NA,NA,-1.890641,-1.919143,-2.001157,-2.093919,-2.171538,-2.240475,-2.3007,-2.331334,-2.328418,-2.3052,-2.269911,-2.225478,-2.176383,-2.112969,-2.023387,-1.909156,-1.77137,-1.60134,-1.420398,-1.23833,-1.031245,-0.8054466,-0.5732508,-0.3378501,-9.007633E-02,0.1735511,0.427197,0.6526791,0.8401827,0.9980055,1.128371,1.247892,1.368886,1.503129,1.652298,1.800678,1.94918,2.085738,2.188825,2.256014,2.306499,2.335774,2.35328,2.363572,2.369693,2.366003,2.349649,2.31177,2.251669,2.179919,2.099,2.023136,1.955198,1.89055,1.839812,1.806036,1.776915,1.753107,1.743523,1.744337,1.731375,1.696374,1.643257,1.589306,1.534822,1.487681,1.469841,1.468281,1.47097,1.464081,1.428768,1.350902,1.24624,1.119183,0.9667321,0.786792,0.6025591,0.4114445,0.2116104,4.873447E-03,-0.1965678,-0.4015739,-0.608356,-0.8078026,-1.010268,-1.224305,-1.4606,-1.728112,-2.041392,-2.374446,-2.694951,-3.015562,-3.349291,-3.680244,-4.011261,-4.349314,-4.703147,-5.042293,-5.351105,-5.657045,-5.93891,-6.184791,-6.405431,-6.606076,-6.734777,-6.781517,-6.716144,-6.523679,-6.224723,-5.816396,-5.303128,-4.709302,-4.107929,-3.63435,-3.362674,NA,NA,NA
NA,NA,NA,-2.37873,-2.407691,-2.490818,-2.584378,-2.662649,-2.733349,-2.786647,-2.795799,-2.757799,-2.689907,-2.613565,-2.527127,-2.430287,-2.318484,-2.185462,-2.03283,-1.858959,-1.653185,-1.439502,-1.223335,-0.982354,-0.7210256,-0.4487027,-0.1728134,0.1024206,0.3724386,0.6248736,0.8456944,1.033101,1.189545,1.323157,1.456571,1.598734,1.755762,1.92338,2.085169,2.244551,2.400039,2.510462,2.576261,2.634037,2.668826,2.683922,2.68631,2.683337,2.674124,2.659505,2.62393,2.565361,2.495884,2.410254,2.319223,2.234283,2.155906,2.105375,2.083494,2.070303,2.058867,2.054997,2.048342,2.025989,1.987493,1.932773,1.883118,1.8375,1.789608,1.766984,1.763762,1.768893,1.762249,1.723319,1.644994,1.544387,1.422467,1.265723,1.088821,0.8997344,0.7050936,0.5078714,0.3136061,0.1217113,-6.587038E-02,-0.2516337,-0.4409632,-0.6318276,-0.8352375,-1.068266,-1.332625,-1.64197,-1.968062,-2.268006,-2.561794,-2.869717,-3.178742,-3.495071,-3.818805,-4.155963,-4.485628,-4.784127,-5.075922,-5.353094,-5.591618,-5.806179,-6.001738,-6.11003,-6.145209,-6.08696,-5.913391,-5.625788,-5.2245,-4.727831,-4.142138,-3.545606,-3.060793,-2.771712,NA,NA,NA
NA,NA,NA,-2.810433,-2.838859,-2.921013,-3.012342,-3.085772,-3.148037,-3.177421,-3.151554,-3.072079,-2.964376,-2.849952,-2.731962,-2.600492,-2.449483,-2.26938,-2.07314,-1.854472,-1.609272,-1.354416,-1.096532,-0.8207962,-0.5242884,-0.2166445,9.357714E-02,0.3958145,0.6731633,0.9153563,1.126023,1.313085,1.480569,1.634144,1.789305,1.947162,2.116116,2.298841,2.476973,2.648065,2.809975,2.919005,2.980711,3.031539,3.058309,3.067343,3.060716,3.045759,3.027935,3.015182,2.987431,2.940868,2.884312,2.802377,2.699172,2.600644,2.51261,2.457501,2.435248,2.425252,2.417314,2.409435,2.387771,2.357277,2.323644,2.273693,2.229305,2.195957,2.15381,2.126448,2.125075,2.133479,2.122332,2.076678,1.99478,1.895262,1.770582,1.614769,1.444004,1.261241,1.073088,0.8885006,0.7100725,0.5305758,0.3522838,0.1787375,-4.274975E-03,-0.1985403,-0.4025856,-0.6319856,-0.8883969,-1.187978,-1.494028,-1.773636,-2.038874,-2.312629,-2.597905,-2.889801,-3.191054,-3.509789,-3.827362,-4.111048,-4.387331,-4.668015,-4.909121,-5.117931,-5.298447,-5.386486,-5.406252,-5.339292,-5.174124,-4.897016,-4.513053,-4.043027,-3.473012,-2.881291,-2.393022,-2.098596,NA,NA,NA
NA,NA,NA,-3.156846,-3.183636,-3.261824,-3.348571,-3.412186,-3.454454,-3.448052,-3.379203,-3.264415,-3.1252,-2.97918,-2.840329,-2.686875,-2.503083,-2.274561,-2.034713,-1.774166,-1.492094,-1.201782,-0.9046773,-0.5859199,-0.2528132,8.367445E-02,0.4129515,0.7275021,1.011073,1.253903,1.461313,1.654533,1.83508,2.005209,2.172717,2.34207,2.522759,2.715582,2.901991,3.07691,3.232868,3.34031,3.396661,3.429123,3.440308,3.438601,3.424021,3.400517,3.376172,3.359789,3.332464,3.295628,3.248279,3.169571,3.065191,2.96238,2.869651,2.80916,2.781011,2.762954,2.749641,2.732956,2.699838,2.6649,2.634089,2.586191,2.545401,2.523198,2.491328,2.46613,2.468876,2.479803,2.463553,2.409691,2.32241,2.220938,2.093214,1.941174,1.772713,1.599527,1.431907,1.265172,1.102137,0.9353452,0.7680447,0.6001854,0.4219892,0.2242728,1.087679E-02,-0.2248795,-0.4736741,-0.7518478,-1.038667,-1.302087,-1.540419,-1.781659,-2.03866,-2.301886,-2.574999,-2.868133,-3.168221,-3.442372,-3.710451,-3.987632,-4.227061,-4.423305,-4.57866,-4.643415,-4.648933,-4.570081,-4.402461,-4.133683,-3.775572,-3.328936,-2.78436,-2.212232,-1.734631,-1.437338,NA,NA,NA
NA,NA,NA,-3.463619,-3.487792,-3.555496,-3.627251,-3.669185,-3.678854,-3.637246,-3.542503,-3.405694,-3.239711,-3.060529,-2.889439,-2.707991,-2.491212,-2.22368,-1.950497,-1.662068,-1.349108,-1.028701,-0.6950614,-0.3425353,1.547669E-02,0.3736246,0.7252282,1.051949,1.339291,1.582724,1.793084,1.989704,2.176122,2.353024,2.527952,2.704823,2.891112,3.085352,3.276772,3.445832,3.582452,3.674224,3.720448,3.733902,3.729758,3.715616,3.695316,3.675015,3.653385,3.632165,3.601902,3.567331,3.520486,3.442505,3.346815,3.250998,3.164026,3.101089,3.06097,3.025768,2.996698,2.965921,2.930156,2.897446,2.865433,2.819836,2.780655,2.757323,2.732298,2.713657,2.718425,2.728575,2.710438,2.652756,2.56475,2.461203,2.334101,2.188574,2.021712,1.859155,1.71106,1.567254,1.419133,1.265776,1.109348,0.9463958,0.7732727,0.5758915,0.3551891,0.1124018,-0.1354746,-0.3915237,-0.6567705,-0.8987877,-1.113424,-1.326404,-1.552198,-1.784406,-2.030981,-2.296106,-2.571605,-2.840825,-3.10236,-3.361553,-3.583874,-3.763687,-3.894131,-3.942223,-3.936954,-3.849657,-3.673909,-3.418053,-3.086024,-2.658898,-2.13588,-1.587845,-1.133677,-0.838187,NA,NA,NA
NA,NA,NA,-3.74155,-3.764117,-3.819426,-3.868187,-3.878067,-3.851163,-3.778439,-3.663671,-3.512457,-3.321334,-3.106232,-2.894879,-2.677164,-2.430644,-2.142311,-1.846397,-1.535085,-1.200587,-0.8618158,-0.5070635,-0.1289887,0.2486134,0.6265505,0.9962389,1.323474,1.606753,1.848642,2.060889,2.25602,2.440964,2.617787,2.795309,2.973107,3.160063,3.351123,3.533674,3.687631,3.805554,3.881927,3.915572,3.915931,3.894905,3.862962,3.835111,3.817055,3.798031,3.775624,3.745864,3.710181,3.662618,3.590137,3.501152,3.413033,3.336258,3.273582,3.222867,3.171274,3.122912,3.079865,3.04173,3.009304,2.976511,2.936542,2.897937,2.86673,2.841654,2.827917,2.832218,2.840403,2.823456,2.764479,2.682811,2.585749,2.469584,2.32713,2.164246,2.010824,1.876538,1.7502,1.614649,1.472411,1.32695,1.175018,1.006939,0.8128561,0.5864467,0.3450482,0.1001706,-0.1402428,-0.381018,-0.5988349,-0.7947129,-0.9877927,-1.188029,-1.391172,-1.604339,-1.840099,-2.091392,-2.346333,-2.591053,-2.82635,-3.019505,-3.185395,-3.301731,-3.339913,-3.321453,-3.226569,-3.043488,-2.796995,-2.482242,-2.072729,-1.568107,-1.045405,-0.6166087,-0.3297971,NA,NA,NA
NA,NA,NA,-3.964765,-3.985507,-4.028378,-4.053598,-4.034978,-3.978739,-3.882353,-3.75226,-3.586446,-3.372409,-3.121866,-2.873337,-2.616256,-2.337246,-2.033844,-1.721759,-1.396916,-1.051384,-0.6938939,-0.3248886,6.347452E-02,0.4523381,0.8394885,1.212877,1.535389,1.8131,2.053816,2.26536,2.458363,2.638215,2.811899,2.984391,3.154049,3.328086,3.508878,3.684076,3.829938,3.931998,3.990424,4.015319,4.008897,3.973338,3.921328,3.880449,3.85852,3.838155,3.811453,3.782115,3.746498,3.698522,3.628256,3.542184,3.460834,3.391248,3.329754,3.269204,3.206863,3.149107,3.099709,3.061,3.028155,2.991459,2.949471,2.907046,2.868472,2.842817,2.829771,2.82991,2.832561,2.811071,2.755802,2.682658,2.594282,2.485311,2.346968,2.191952,2.054588,1.936673,1.822414,1.703038,1.572976,1.430806,1.287739,1.124164,0.9354627,0.7207268,0.4905714,0.2535829,2.492498E-02,-0.1973083,-0.3958558,-0.5757713,-0.7554141,-0.9355718,-1.11166,-1.292862,-1.499167,-1.727824,-1.958466,-2.17529,-2.38267,-2.54673,-2.695854,-2.805065,-2.834593,-2.800327,-2.693163,-2.503139,-2.261168,-1.954235,-1.554641,-1.067866,-0.5679575,-0.1570956,0.1154666,NA,NA,NA
NA,NA,NA,-4.103229,-4.124958,-4.160142,-4.168707,-4.133183,-4.062275,-3.948748,-3.802429,-3.623154,-3.39056,-3.115536,-2.834168,-2.536735,-2.226067,-1.904879,-1.581534,-1.252563,-0.9023774,-0.5304189,-0.1519869,0.2405746,0.6352345,1.023087,1.386599,1.696,1.971097,2.220195,2.437914,2.629019,2.797285,2.956014,3.114393,3.268835,3.422087,3.583443,3.744235,3.883778,3.979468,4.030877,4.052328,4.042534,3.99969,3.932148,3.876219,3.840735,3.810602,3.774554,3.73659,3.692716,3.642156,3.576017,3.496138,3.420919,3.352181,3.28949,3.225881,3.162572,3.105301,3.054906,3.014978,2.98123,2.941616,2.898476,2.853444,2.808251,2.778726,2.758334,2.749662,2.742117,2.713984,2.65957,2.589867,2.509598,2.405506,2.280032,2.14543,2.023012,1.916754,1.814118,1.713965,1.599009,1.464973,1.327282,1.168264,0.9870694,0.7896087,0.5764515,0.3548516,0.1402871,-7.004558E-02,-0.2590294,-0.4256444,-0.5916106,-0.7546758,-0.9083833,-1.062184,-1.240966,-1.440152,-1.640956,-1.826571,-2.000374,-2.139428,-2.265406,-2.365286,-2.381834,-2.33029,-2.208851,-2.01541,-1.772549,-1.465023,-1.065671,-0.5932664,-0.1058088,0.2960042,0.5621471,NA,NA,NA
NA,NA,NA,-4.158216,-4.178279,-4.209712,-4.211105,-4.170482,-4.089554,-3.95757,-3.795978,-3.606839,-3.366766,-3.079419,-2.768637,-2.435643,-2.096955,-1.759239,-1.430443,-1.101747,-0.7484247,-0.3703372,1.001863E-02,0.3989621,0.7894852,1.171849,1.520661,1.820032,2.100228,2.357643,2.583452,2.773297,2.929827,3.072127,3.212865,3.347432,3.475987,3.609969,3.752253,3.882123,3.972475,4.019685,4.035261,4.018386,3.973387,3.904817,3.839483,3.788178,3.743729,3.692995,3.641024,3.58667,3.52941,3.464635,3.396319,3.331102,3.264634,3.199264,3.130433,3.06849,3.017991,2.970095,2.931595,2.897798,2.857071,2.811601,2.759947,2.70499,2.667839,2.637203,2.616132,2.593271,2.556888,2.507551,2.44517,2.375493,2.281041,2.170621,2.053043,1.943775,1.848618,1.758877,1.671843,1.566446,1.443417,1.319382,1.164785,0.9939645,0.8176512,0.6297447,0.4335794,0.237891,3.630309E-02,-0.1451014,-0.3041018,-0.4552612,-0.6025649,-0.7381173,-0.8700177,-1.012247,-1.172978,-1.340715,-1.503883,-1.648801,-1.769344,-1.871746,-1.953675,-1.951437,-1.885357,-1.752656,-1.55689,-1.305588,-0.9874198,-0.5798653,-0.1168842,0.3678179,0.7694636,1.040824,NA,NA,NA
NA,NA,NA,-4.139499,-4.159677,-4.191945,-4.19124,-4.141843,-4.045036,-3.898611,-3.726583,-3.52911,-3.28335,-2.983796,-2.6514,-2.298298,-1.943309,-1.591647,-1.260573,-0.9331418,-0.5780803,-0.2000224,0.1791126,0.5589789,0.9398816,1.308968,1.643642,1.943913,2.228775,2.484632,2.713354,2.903548,3.053576,3.184928,3.309904,3.422606,3.527178,3.63408,3.755208,3.868957,3.95417,3.998299,4.0052,3.977862,3.928545,3.86057,3.789873,3.726964,3.668215,3.605492,3.540533,3.474804,3.408736,3.344929,3.285875,3.227133,3.160218,3.091788,3.021135,2.961648,2.914152,2.869108,2.831886,2.796624,2.755438,2.706724,2.645129,2.580435,2.533043,2.496178,2.468973,2.434371,2.393205,2.344831,2.287575,2.224478,2.144276,2.047011,1.93989,1.838371,1.754925,1.678959,1.597121,1.499965,1.393649,1.284345,1.138465,0.9832799,0.8279147,0.663754,0.4948827,0.3165409,0.1297237,-0.0363376,-0.1869571,-0.3272954,-0.4617029,-0.5820876,-0.6953719,-0.8088026,-0.9296939,-1.05652,-1.19163,-1.313897,-1.418983,-1.49958,-1.55878,-1.539096,-1.461788,-1.320588,-1.118365,-0.8487554,-0.5076897,-0.090043,0.3677904,0.8530866,1.257638,1.528132,NA,NA,NA
NA,NA,NA,-4.051512,-4.069304,-4.09866,-4.093434,-4.034824,-3.927348,-3.773825,-3.593012,-3.382803,-3.127406,-2.823349,-2.482722,-2.11886,-1.748492,-1.381806,-1.045184,-0.7130103,-0.3580287,1.044826E-02,0.3791117,0.7470641,1.113446,1.463769,1.789266,2.093891,2.374622,2.621906,2.847545,3.039856,3.189333,3.317208,3.428134,3.522947,3.605884,3.687677,3.785368,3.882445,3.957697,3.994627,3.990502,3.955168,3.901814,3.830566,3.756267,3.688222,3.616544,3.542211,3.464339,3.387722,3.314966,3.247072,3.187237,3.127778,3.059934,2.989434,2.920419,2.862025,2.815673,2.773032,2.734926,2.696888,2.651644,2.594098,2.523713,2.456427,2.404071,2.365959,2.335615,2.297872,2.254207,2.201901,2.142996,2.079493,2.007198,1.916423,1.815934,1.725558,1.651746,1.579931,1.502891,1.41659,1.324785,1.22481,1.091068,0.9535416,0.8203284,0.6776602,0.5333848,0.3706256,0.2020999,6.432358E-02,-7.263663E-02,-0.2050092,-0.3240322,-0.4267952,-0.5230898,-0.6174349,-0.710626,-0.8030324,-0.9012535,-0.9960985,-1.077936,-1.139254,-1.176697,-1.141012,-1.053732,-0.9061916,-0.6879138,-0.3949936,-3.332307E-02,0.3872001,0.8471026,1.333768,1.735385,1.990875,NA,NA,NA
NA,NA,NA,-3.905568,-3.917403,-3.937438,-3.921153,-3.852256,-3.736694,-3.576736,-3.390403,-3.171947,-2.909545,-2.602747,-2.26054,-1.892982,-1.518005,-1.135386,-0.7854851,-0.44474,-9.477579E-02,0.2558326,0.605065,0.9589286,1.307993,1.639397,1.95723,2.2635,2.538472,2.776919,2.995346,3.183736,3.327825,3.449808,3.548641,3.626916,3.686628,3.749331,3.829068,3.913646,3.974455,4.000214,3.987525,3.948552,3.892492,3.818628,3.743686,3.672378,3.588404,3.499807,3.405461,3.31838,3.239862,3.16455,3.094951,3.030375,2.960382,2.893874,2.831104,2.77351,2.725607,2.684909,2.643877,2.597894,2.544027,2.478913,2.407092,2.343884,2.291871,2.253509,2.223988,2.188013,2.141255,2.081206,2.016667,1.94828,1.875388,1.787238,1.695298,1.615808,1.547035,1.479962,1.410722,1.333815,1.246429,1.146417,1.024999,0.9024346,0.7869866,0.6658748,0.544485,0.4029706,0.2580622,0.1472581,3.165997E-02,-8.614217E-02,-0.1902895,-0.2777651,-0.3548171,-0.4321267,-0.5055527,-0.5723374,-0.6374593,-0.7005783,-0.7494604,-0.7884225,-0.80115,-0.7516244,-0.6494041,-0.4883795,-0.2526011,5.627067E-02,0.4266661,0.8449005,1.312272,1.798449,2.189387,2.430902,NA,NA,NA
NA,NA,NA,-3.719791,-3.723947,-3.728741,-3.697932,-3.616824,-3.487993,-3.32042,-3.131895,-2.909587,-2.64193,-2.338552,-2.00079,-1.640407,-1.266667,-0.8768041,-0.5213631,-0.1734234,0.1758328,0.507637,0.8359112,1.171203,1.4979,1.815339,2.12798,2.429032,2.69476,2.923645,3.129994,3.306123,3.4429,3.557536,3.647308,3.711813,3.758412,3.806593,3.869122,3.934856,3.978349,3.992843,3.975528,3.936049,3.881854,3.80996,3.736353,3.658525,3.561324,3.455154,3.345901,3.249378,3.159455,3.073939,2.99679,2.930153,2.863107,2.8006,2.738184,2.676489,2.62624,2.587819,2.543082,2.485932,2.420895,2.349359,2.27827,2.214536,2.165072,2.131096,2.10719,2.074541,2.029552,1.969339,1.90211,1.826634,1.748833,1.664665,1.582749,1.514524,1.453938,1.395777,1.330036,1.248782,1.154256,1.04885,0.9378582,0.8277473,0.7253263,0.6258367,0.5268281,0.4163698,0.3035113,0.2129924,0.1152146,1.485494E-02,-7.373824E-02,-0.1467215,-0.2071662,-0.2651141,-0.3146591,-0.3594548,-0.400597,-0.4349271,-0.4535925,-0.4653742,-0.446718,-0.3754486,-0.2550031,-7.177695E-02,0.1764602,0.4912536,0.8616822,1.277489,1.750852,2.235021,2.618179,2.858208,NA,NA,NA
NA,NA,NA,-3.509597,-3.508337,-3.498878,-3.4492,-3.348231,-3.19987,-3.023909,-2.835858,-2.619196,-2.358318,-2.059012,-1.732424,-1.388047,-1.023813,-0.6392734,-0.2877713,5.712337E-02,0.4062395,0.7338241,1.048055,1.361043,1.669258,1.975275,2.274737,2.561296,2.817093,3.039334,3.233738,3.395267,3.521121,3.625512,3.708616,3.7652,3.806383,3.843931,3.890448,3.936355,3.963291,3.964279,3.942416,3.902434,3.850394,3.784206,3.707938,3.620212,3.51136,3.390456,3.270703,3.161082,3.058022,2.964742,2.886208,2.820556,2.754743,2.68907,2.61892,2.549019,2.49076,2.446532,2.397003,2.334639,2.263444,2.189342,2.115939,2.048858,2.002423,1.977888,1.960566,1.933995,1.896371,1.842232,1.773854,1.695644,1.616955,1.54089,1.473015,1.41617,1.365262,1.312004,1.239114,1.145879,1.043643,0.9383392,0.8375245,0.7382637,0.6462523,0.5681021,0.4906612,0.4095417,0.3291646,0.2578413,0.1759898,9.198923E-02,1.837063E-02,-0.0425648,-8.873027E-02,-0.1274818,-0.1513234,-0.1714471,-0.189467,-0.1995869,-0.1974357,-0.1763018,-0.1206832,-2.092724E-02,0.1226218,0.3317726,0.5892938,0.9014229,1.270439,1.690059,2.16733,2.650819,3.032359,3.276856,NA,NA,NA
NA,NA,NA,-3.281164,-3.277408,-3.253816,-3.181481,-3.056119,-2.895445,-2.718885,-2.534158,-2.322323,-2.069815,-1.785965,-1.4838,-1.159527,-0.8060367,-0.4387152,-9.511944E-02,0.2466238,0.5974211,0.9273577,1.233716,1.530679,1.824391,2.112598,2.392503,2.659545,2.897627,3.108908,3.294932,3.451356,3.571468,3.662649,3.738383,3.78987,3.823346,3.848248,3.880782,3.91297,3.924861,3.913571,3.885069,3.842318,3.790581,3.724844,3.642251,3.53904,3.416386,3.285232,3.156368,3.03338,2.92387,2.832227,2.750724,2.680049,2.61061,2.53907,2.461186,2.38063,2.312452,2.259186,2.208998,2.147779,2.076034,1.999872,1.925423,1.861372,1.820567,1.802352,1.787112,1.76244,1.725423,1.675993,1.610213,1.540387,1.474364,1.408681,1.35053,1.30258,1.257381,1.202655,1.123359,1.024381,0.9236361,0.82731,0.7344573,0.6433201,0.5666445,0.5085827,0.4473614,0.3850896,0.3282599,0.2768338,0.2144972,0.1482471,0.0886604,3.837869E-02,7.800316E-03,-7.780994E-03,-9.195473E-03,-9.472277E-03,-4.848088E-03,1.301548E-02,4.043434E-02,9.545115E-02,0.1888987,0.32345,0.4954717,0.7222313,0.9872589,1.295313,1.662743,2.086449,2.57132,3.066134,3.45452,3.711302,NA,NA,NA
NA,NA,NA,-3.026515,-3.019659,-2.98535,-2.898574,-2.760094,-2.597017,-2.427277,-2.249393,-2.040385,-1.795581,-1.535717,-1.262775,-0.9592078,-0.6249103,-0.2791186,5.872161E-02,0.4009355,0.7556502,1.089057,1.39099,1.67997,1.959172,2.23122,2.494007,2.740185,2.959474,3.155907,3.335176,3.4925,3.605886,3.680869,3.740265,3.782869,3.806113,3.819429,3.840098,3.863209,3.860798,3.836725,3.798,3.751206,3.694925,3.620654,3.525029,3.405097,3.274899,3.140158,3.002362,2.87224,2.764,2.668399,2.575981,2.497978,2.427599,2.352936,2.268826,2.178381,2.103612,2.047278,1.997322,1.938539,1.866216,1.790419,1.722668,1.666828,1.628091,1.610145,1.591881,1.562362,1.519953,1.475449,1.42036,1.362731,1.309905,1.253773,1.202637,1.161457,1.119146,1.064511,0.9850535,0.8931243,0.8050161,0.7201219,0.6339091,0.5549554,0.4973891,0.4530001,0.3986379,0.3462147,0.3051967,0.2697437,0.2312067,0.1879015,0.1436685,0.106196,9.331334E-02,0.1023902,0.1176386,0.1313272,0.1571117,0.2075289,0.2726642,0.3703291,0.5028078,0.6694317,0.8623245,1.095294,1.367754,1.678088,2.047942,2.47553,2.974149,3.484427,3.891719,4.168568,NA,NA,NA
NA,NA,NA,-2.756856,-2.745603,-2.703794,-2.615045,-2.4809,-2.322218,-2.163044,-1.993506,-1.786294,-1.551499,-1.316248,-1.06866,-0.784597,-0.4734249,-0.1514635,0.1773964,0.5232264,0.8812267,1.218277,1.519367,1.806308,2.076644,2.337972,2.589506,2.821234,3.022073,3.198814,3.361314,3.509172,3.61395,3.677872,3.720673,3.750626,3.764194,3.766944,3.773014,3.780166,3.764135,3.727782,3.675853,3.619153,3.549765,3.460426,3.354908,3.234301,3.108399,2.973466,2.827603,2.691887,2.577669,2.465696,2.358982,2.27781,2.209505,2.131389,2.044125,1.950046,1.877373,1.824545,1.769028,1.706452,1.636658,1.565337,1.501979,1.443671,1.400475,1.380456,1.361035,1.328638,1.283946,1.242474,1.198345,1.151973,1.109527,1.065526,1.025711,0.9928192,0.9543287,0.9027279,0.8275573,0.7447397,0.6710085,0.5959501,0.5170537,0.4568537,0.4183783,0.3835601,0.3349502,0.2902193,0.263222,0.2439259,0.2271234,0.2075433,0.1819827,0.1623175,0.1678918,0.1969872,0.2276973,0.2567171,0.3094611,0.3925894,0.4968358,0.6303058,0.7987601,0.9927916,1.200886,1.440571,1.725764,2.053281,2.430577,2.860066,3.365813,3.892271,4.325587,4.623134,NA,NA,NA
NA,NA,NA,-2.487021,-2.471459,-2.425521,-2.341812,-2.22418,-2.075665,-1.925387,-1.757882,-1.554289,-1.332415,-1.113931,-0.8828003,-0.6203192,-0.3335062,-2.998882E-02,0.2932253,0.6366532,0.9880808,1.324681,1.630833,1.911817,2.172624,2.42386,2.663642,2.886105,3.075671,3.236006,3.373544,3.496595,3.588061,3.647266,3.68384,3.702805,3.703974,3.693318,3.68101,3.669041,3.640799,3.592543,3.526246,3.452898,3.364197,3.261151,3.153776,3.040401,2.921517,2.785688,2.637421,2.495998,2.366735,2.234655,2.115399,2.02863,1.956185,1.874718,1.791865,1.70518,1.638975,1.584735,1.513587,1.441353,1.380363,1.316088,1.247591,1.179532,1.129561,1.104309,1.081656,1.050008,1.012626,0.9798683,0.9436385,0.9063991,0.872371,0.8438036,0.8181678,0.7956355,0.7619628,0.7129453,0.6446838,0.5679384,0.5028652,0.4387228,0.3694827,0.325881,0.3019388,0.2784825,0.2434121,0.2107987,0.1981341,0.1959538,0.1997183,0.2037178,0.1994117,0.2017795,0.2302968,0.2763958,0.3201419,0.3705934,0.4553966,0.5695518,0.7011198,0.8609772,1.053657,1.265827,1.49249,1.753392,2.058274,2.406635,2.793806,3.230371,3.742497,4.281062,4.733854,5.037361,NA,NA,NA
NA,NA,NA,-2.204438,-2.189895,-2.149592,-2.078176,-1.975516,-1.841104,-1.699893,-1.533528,-1.336414,-1.125176,-0.9121118,-0.6907238,-0.45025,-0.1825897,0.1112317,0.4247676,0.7544971,1.090293,1.419824,1.723306,1.992876,2.242335,2.481107,2.706273,2.91745,3.100937,3.250163,3.364134,3.459759,3.537669,3.594446,3.626162,3.633641,3.622061,3.600709,3.574411,3.542791,3.498501,3.43397,3.352627,3.258719,3.154716,3.044282,2.935137,2.822825,2.704935,2.571717,2.427424,2.277131,2.131882,1.988079,1.861729,1.764116,1.681101,1.597588,1.522457,1.443495,1.374552,1.310964,1.227835,1.151615,1.100043,1.035957,0.9556959,0.883929,0.8333396,0.799983,0.7707354,0.738635,0.712487,0.6915105,0.6644421,0.6371032,0.6132204,0.5945544,0.5777352,0.563248,0.5385244,0.497985,0.4378878,0.3652243,0.3058973,0.2576151,0.1993018,0.1632997,0.1443834,0.1309256,0.112037,9.583315E-02,9.758481E-02,0.1127795,0.1382949,0.16767,0.1910982,0.2206233,0.2705568,0.3305279,0.3882238,0.4660632,0.5776329,0.7142842,0.8666118,1.038575,1.241524,1.466662,1.720205,2.011068,2.338975,2.706869,3.109299,3.560794,4.081334,4.634146,5.098072,5.401972,NA,NA,NA
NA,NA,NA,-1.905941,-1.895775,-1.868263,-1.814244,-1.726001,-1.608147,-1.477891,-1.319783,-1.132377,-0.9297933,-0.7173347,-0.5020196,-0.2803487,-3.127766E-02,0.2555085,0.5539657,0.860622,1.175352,1.488689,1.779692,2.038821,2.276497,2.506012,2.718696,2.910358,3.081628,3.222969,3.328476,3.408326,3.473343,3.520981,3.543015,3.539312,3.518655,3.492333,3.455017,3.402267,3.335308,3.250468,3.15358,3.041643,2.926095,2.807767,2.689686,2.572911,2.454881,2.325531,2.184135,2.031937,1.879192,1.730959,1.599586,1.491783,1.398398,1.312409,1.239736,1.159696,1.081034,1.009012,0.9278107,0.8580746,0.8071048,0.7342726,0.6499088,0.5864931,0.5370082,0.4962595,0.4609681,0.4244558,0.401801,0.3862374,0.3688402,0.3507486,0.335487,0.3215131,0.3081717,0.2981815,0.2858539,0.2588156,0.2120823,0.1472865,9.456247E-02,5.636024E-02,7.564305E-03,-2.505464E-02,-4.626238E-02,-5.588281E-02,-6.081015E-02,-5.642223E-02,-3.795218E-02,-5.063714E-03,3.703296E-02,8.804643E-02,0.1414337,0.2007399,0.2737865,0.3501392,0.4278146,0.533316,0.6676185,0.8136911,0.9780786,1.164322,1.376499,1.617002,1.890798,2.211081,2.565001,2.947867,3.367585,3.841106,4.379611,4.938894,5.408348,5.714033,NA,NA,NA
NA,NA,NA,-1.628243,-1.621904,-1.604444,-1.563989,-1.490984,-1.391779,-1.270629,-1.123564,-0.9487819,-0.7584143,-0.5536382,-0.3474571,-0.1382013,9.983405E-02,0.3748788,0.6501137,0.9308275,1.224598,1.519115,1.797004,2.05027,2.278505,2.497169,2.695575,2.865356,3.016881,3.147725,3.253404,3.328677,3.384512,3.417042,3.42221,3.409278,3.384478,3.352669,3.301661,3.231048,3.141864,3.037666,2.926111,2.799913,2.675172,2.550186,2.423113,2.300668,2.18005,2.052305,1.915629,1.76562,1.609929,1.460287,1.323229,1.205269,1.102954,1.01543,0.9390641,0.8502982,0.7661095,0.6951587,0.6235462,0.5625508,0.5064678,0.4225977,0.3386018,0.2857424,0.236185,0.1930327,0.1583593,0.1221717,0.0988923,8.055249E-02,6.587663E-02,5.300733E-02,4.202893E-02,3.210571E-02,2.196964E-02,1.761236E-02,1.267948E-02,-2.821239E-03,-3.459665E-02,-8.416364E-02,-0.129315,-0.1666892,-0.2103105,-0.2372685,-0.253555,-0.2544095,-0.2418696,-0.2164715,-0.1812344,-0.1348718,-8.233377E-02,-0.0226073,5.063853E-02,0.1347784,0.2314047,0.3263616,0.4286342,0.5565734,0.7115799,0.8689378,1.038098,1.229475,1.4472,1.707804,2.00275,2.35015,2.727464,3.12968,3.572928,4.073864,4.633254,5.195763,5.661366,5.965837,NA,NA,NA
NA,NA,NA,-1.401847,-1.398266,-1.385032,-1.34991,-1.289809,-1.206113,-1.096869,-0.9635072,-0.8073353,-0.6312361,-0.4389154,-0.2422771,-4.315293E-02,0.1843958,0.443188,0.6997907,0.9569989,1.223654,1.49726,1.767414,2.016634,2.238297,2.446341,2.62771,2.780334,2.910446,3.025565,3.124128,3.197973,3.24739,3.267287,3.261119,3.246705,3.21874,3.177199,3.108653,3.02547,2.923007,2.808283,2.687725,2.556672,2.422599,2.286723,2.150325,2.017844,1.890336,1.761846,1.633355,1.485011,1.32556,1.173904,1.030008,0.9002547,0.7892609,0.7015003,0.6216161,0.5263318,0.4444795,0.3796366,0.3097007,0.2442771,0.180798,9.605425E-02,1.792431E-02,-2.814907E-02,-7.788438E-02,-0.1170362,-0.143936,-0.1694639,-0.1918011,-0.2133614,-0.2324132,-0.2442745,-0.2561603,-0.2604759,-0.2641265,-0.2629704,-0.2679018,-0.279322,-0.2958396,-0.3232758,-0.3576477,-0.3936429,-0.4306604,-0.4495302,-0.4510509,-0.4371192,-0.404788,-0.3633904,-0.3166729,-0.2637523,-0.2059036,-0.1431726,-6.348491E-02,3.162366E-02,0.1434749,0.2596222,0.3812987,0.5247037,0.6979954,0.8755612,1.051108,1.246761,1.474199,1.753761,2.068637,2.440552,2.837799,3.260418,3.728704,4.252465,4.82765,5.397699,5.868371,6.168439,NA,NA,NA
NA,NA,NA,-1.22219,-1.220791,-1.211261,-1.184529,-1.136691,-1.0635,-0.9696691,-0.8570251,-0.7198424,-0.5578923,-0.3815113,-0.195563,-4.815315E-03,0.2082907,0.4431598,0.6824276,0.9229081,1.171898,1.431966,1.695184,1.937365,2.154378,2.351452,2.520088,2.661977,2.776836,2.87344,2.954511,3.016484,3.056015,3.069884,3.059956,3.044013,3.01217,2.963184,2.884764,2.793217,2.687186,2.570324,2.445996,2.313489,2.168369,2.017544,1.871934,1.729543,1.593909,1.463949,1.336698,1.187373,1.026666,0.8708953,0.7166125,0.5784433,0.4614767,0.3697509,0.2874003,0.1908654,0.112386,5.021664E-02,-2.485088E-02,-0.1003828,-0.1691872,-0.2439243,-0.3097173,-0.3524664,-0.4004981,-0.4318413,-0.4496879,-0.4649833,-0.4848951,-0.5060655,-0.5288441,-0.5420086,-0.5544481,-0.5554935,-0.5522841,-0.5460433,-0.5476322,-0.5520339,-0.5556762,-0.563089,-0.5830024,-0.6081413,-0.6315782,-0.6414206,-0.6308501,-0.607433,-0.565843,-0.5151585,-0.4625687,-0.4052181,-0.3433561,-0.2729842,-0.1884688,-8.941177E-02,2.489897E-02,0.1545656,0.2914551,0.4469293,0.6268016,0.8224539,1.010541,1.214333,1.461903,1.762872,2.093951,2.477057,2.885783,3.326416,3.818255,4.362632,4.951207,5.533133,6.017384,6.314864,NA,NA,NA
NA,NA,NA,-1.080058,-1.079863,-1.075777,-1.059258,-1.02212,-0.9570039,-0.8788446,-0.7855195,-0.6706354,-0.5295501,-0.3744937,-0.2048223,-2.173967E-02,0.1791879,0.3895113,0.6115773,0.8428736,1.082308,1.33434,1.587388,1.822675,2.035681,2.22315,2.375741,2.506838,2.614027,2.704758,2.771482,2.820965,2.852528,2.859833,2.844688,2.816811,2.772793,2.716787,2.634214,2.537512,2.434335,2.320904,2.194243,2.053671,1.898038,1.736569,1.584348,1.435937,1.294031,1.158908,1.023052,0.8698598,0.7045652,0.5414699,0.3781204,0.2366798,0.1133978,1.255172E-02,-7.153869E-02,-0.1656492,-0.2450053,-0.3095754,-0.3881112,-0.4649997,-0.5306042,-0.5933349,-0.6457326,-0.685523,-0.7306693,-0.7543257,-0.7661007,-0.7771639,-0.7954156,-0.8136451,-0.835116,-0.8479446,-0.8579779,-0.8549873,-0.8456752,-0.8315639,-0.8213544,-0.812511,-0.8037334,-0.7980377,-0.8044209,-0.8164975,-0.8274687,-0.8283005,-0.8134626,-0.7908456,-0.7501666,-0.6933202,-0.6297489,-0.5622888,-0.4955514,-0.4164063,-0.326539,-0.227451,-0.115847,1.446646E-02,0.1607859,0.3305347,0.5153594,0.7184263,0.922897,1.140774,1.413214,1.738605,2.08252,2.471425,2.890627,3.348453,3.856228,4.412323,5.005529,5.594941,6.096632,6.397418,NA,NA,NA
NA,NA,NA,-0.9739044,-0.9740787,-0.971818,-0.9579598,-0.9228829,-0.8642078,-0.8001199,-0.7248996,-0.6309267,-0.5109882,-0.3785037,-0.2321954,-6.223873E-02,0.1275333,0.3158742,0.518256,0.741169,0.9768377,1.223359,1.466221,1.695035,1.90305,2.081208,2.218386,2.333815,2.430603,2.52205,2.586663,2.633612,2.662353,2.658666,2.631722,2.584591,2.522539,2.452021,2.365341,2.270737,2.171819,2.054758,1.922213,1.771405,1.611611,1.447041,1.291767,1.139246,0.9919351,0.8465724,0.6954392,0.5309222,0.357299,0.1890668,0.0231541,-0.1230664,-0.2576894,-0.3692805,-0.4558603,-0.5503727,-0.6376877,-0.7096363,-0.7884316,-0.858371,-0.9152953,-0.9677005,-1.008431,-1.041448,-1.079738,-1.098798,-1.108448,-1.117159,-1.130409,-1.141104,-1.150025,-1.15374,-1.156818,-1.152375,-1.144439,-1.125125,-1.101735,-1.074238,-1.053661,-1.042061,-1.041213,-1.046147,-1.049513,-1.041439,-1.019995,-0.9907668,-0.9473966,-0.8887265,-0.8174261,-0.735326,-0.6544208,-0.5676704,-0.4757738,-0.37566,-0.2666585,-0.1406159,7.309817E-03,0.1899184,0.3839957,0.5923169,0.8098869,1.039197,1.330527,1.682727,2.046437,2.441486,2.868514,3.341978,3.858013,4.417015,5.012246,5.605878,6.109683,6.407263,NA,NA,NA
NA,NA,NA,-0.8661335,-0.8678852,-0.8690126,-0.8560331,-0.8228351,-0.7735149,-0.721844,-0.6598895,-0.5811088,-0.4811094,-0.3741413,-0.2551096,-0.1034,7.350659E-02,0.2484987,0.4394093,0.6496967,0.8733199,1.108743,1.339973,1.560052,1.760628,1.935878,2.065477,2.166613,2.249163,2.334159,2.400455,2.450442,2.476798,2.461975,2.423127,2.359744,2.280484,2.195564,2.105319,2.012155,1.910254,1.779527,1.635378,1.479557,1.316422,1.150337,0.9914706,0.8368603,0.6863568,0.5290797,0.3591222,0.1798855,2.727798E-03,-0.1635332,-0.3269404,-0.4789859,-0.623421,-0.7462273,-0.8412285,-0.9409775,-1.038957,-1.118895,-1.197481,-1.262323,-1.313212,-1.35964,-1.394247,-1.419823,-1.448564,-1.46282,-1.467792,-1.467875,-1.470879,-1.469855,-1.46286,-1.452698,-1.446985,-1.439803,-1.434803,-1.412495,-1.380955,-1.340607,-1.314133,-1.300623,-1.298682,-1.300648,-1.299414,-1.278293,-1.241204,-1.195107,-1.144739,-1.08933,-1.019647,-0.928122,-0.8280687,-0.7325155,-0.6363972,-0.531058,-0.4197764,-0.2945783,-0.1485741,3.776484E-02,0.2422362,0.4603075,0.6873171,0.926312,1.229153,1.601774,1.987541,2.394993,2.83006,3.314656,3.833367,4.388392,4.984267,5.581939,6.07821,6.366059,NA,NA,NA
NA,NA,NA,-0.7323359,-0.7377604,-0.7475172,-0.7458837,-0.7229121,-0.6896807,-0.6515162,-0.6012144,-0.5349844,-0.4523222,-0.3647461,-0.2671001,-0.1345659,2.289315E-02,0.1852332,0.3711977,0.5716586,0.7820137,1.000684,1.216987,1.423091,1.612881,1.782774,1.910845,2.007917,2.080961,2.152057,2.214367,2.262174,2.279775,2.254269,2.206546,2.135515,2.046253,1.954613,1.862669,1.76082,1.64289,1.495417,1.336104,1.172857,1.003017,0.8352103,0.6755152,0.5219188,0.3670409,0.1995076,1.659258E-02,-0.1682981,-0.3396497,-0.5045655,-0.6703756,-0.824908,-0.9722942,-1.108083,-1.214723,-1.31598,-1.415031,-1.495204,-1.573391,-1.638577,-1.688689,-1.734971,-1.769074,-1.792343,-1.81532,-1.825966,-1.821735,-1.808204,-1.796855,-1.786627,-1.769387,-1.750206,-1.735482,-1.720314,-1.708277,-1.680114,-1.642497,-1.600351,-1.576195,-1.563862,-1.561498,-1.559197,-1.551234,-1.516688,-1.465666,-1.400587,-1.338609,-1.283683,-1.220945,-1.129385,-1.01611,-0.9073908,-0.8016691,-0.6934423,-0.574391,-0.44026,-0.2921064,-0.111537,0.1008334,0.3340867,0.5717643,0.8207954,1.131741,1.516882,1.920271,2.344552,2.787303,3.273012,3.794051,4.34426,4.933743,5.53097,6.019635,6.302321,NA,NA,NA
NA,NA,NA,-0.5809389,-0.5929616,-0.6175894,-0.6361499,-0.6348819,-0.6201091,-0.5944578,-0.5541636,-0.5031213,-0.437683,-0.3650177,-0.2851382,-0.1723617,-3.323371E-02,0.1193973,0.2962761,0.4905862,0.6901532,0.8981676,1.099187,1.287297,1.464079,1.621081,1.744759,1.841473,1.913942,1.971982,2.025668,2.067587,2.075602,2.03671,1.979595,1.903873,1.805771,1.709044,1.610344,1.491886,1.355848,1.193269,1.019645,0.845234,0.6704564,0.501461,0.3449187,0.1925045,3.154903E-02,-0.1451365,-0.332473,-0.5152151,-0.6834783,-0.8510752,-1.023499,-1.177239,-1.324887,-1.469811,-1.58311,-1.68111,-1.771628,-1.843599,-1.919463,-1.985014,-2.034339,-2.085596,-2.121196,-2.143083,-2.159978,-2.167584,-2.15861,-2.134622,-2.110758,-2.093162,-2.072544,-2.05065,-2.026688,-2.000243,-1.970715,-1.928761,-1.88295,-1.842845,-1.818024,-1.799801,-1.791625,-1.784145,-1.770953,-1.730808,-1.675311,-1.602118,-1.529369,-1.46469,-1.398037,-1.308749,-1.196595,-1.07751,-0.9600335,-0.8501778,-0.7250444,-0.580327,-0.4213192,-0.2411488,-2.993591E-02,0.2170975,0.4719265,0.7373734,1.05464,1.447187,1.861529,2.2998,2.749591,3.230012,3.751172,4.297686,4.875954,5.465591,5.946365,6.226437,NA,NA,NA
NA,NA,NA,-0.4541438,-0.4707425,-0.506555,-0.5419784,-0.5629583,-0.5679975,-0.5580114,-0.5311062,-0.4957891,-0.4474827,-0.3879093,-0.3205694,-0.2275771,-0.1057066,3.842684E-02,0.2050545,0.3927318,0.5826548,0.7789118,0.9688656,1.143553,1.30627,1.449786,1.564258,1.660292,1.731678,1.777863,1.816079,1.849605,1.850041,1.797329,1.7296,1.649927,1.54249,1.435885,1.324431,1.191247,1.041337,0.8662999,0.684799,0.5062584,0.331662,0.1625775,7.07497E-03,-0.1482086,-0.3182983,-0.5043315,-0.6940983,-0.8766919,-1.046386,-1.216175,-1.392764,-1.548281,-1.699345,-1.845624,-1.955875,-2.047793,-2.129603,-2.194892,-2.267879,-2.33371,-2.383603,-2.439079,-2.475024,-2.492373,-2.501584,-2.503839,-2.490283,-2.461711,-2.431036,-2.405341,-2.379686,-2.351197,-2.315976,-2.27859,-2.232009,-2.177034,-2.120252,-2.074617,-2.041249,-2.009845,-1.985386,-1.968889,-1.950034,-1.911543,-1.856896,-1.780275,-1.698807,-1.623536,-1.548953,-1.457673,-1.352527,-1.23218,-1.105204,-0.9848334,-0.8547364,-0.7044733,-0.5331047,-0.346312,-0.1344799,0.1178762,0.3880929,0.6694936,0.9940522,1.389724,1.809213,2.254128,2.710795,3.190075,3.706815,4.248044,4.819797,5.399421,5.864017,6.134451,NA,NA,NA
NA,NA,NA,-0.3712142,-0.3883272,-0.4292685,-0.4770762,-0.5158787,-0.5403625,-0.5514524,-0.5482726,-0.5325491,-0.4993125,-0.4565754,-0.4017508,-0.3207295,-0.2106359,-0.0761003,7.783316E-02,0.2543996,0.4372758,0.6236973,0.8061174,0.9730368,1.119437,1.249634,1.358784,1.448185,1.512953,1.545993,1.565452,1.580762,1.573251,1.51618,1.441801,1.357474,1.246568,1.132092,1.00797,0.8647692,0.705049,0.5262616,0.3442494,0.1631498,-1.501126E-02,-0.1838048,-0.3410087,-0.5011351,-0.6803708,-0.8737679,-1.067903,-1.255113,-1.427413,-1.599916,-1.778783,-1.936432,-2.088748,-2.229351,-2.328197,-2.412246,-2.489282,-2.55217,-2.622514,-2.688484,-2.740405,-2.798002,-2.836258,-2.852956,-2.859922,-2.856223,-2.83123,-2.79663,-2.762918,-2.721959,-2.681067,-2.638895,-2.593654,-2.55286,-2.501009,-2.437373,-2.369298,-2.306775,-2.254521,-2.210082,-2.172367,-2.144553,-2.114716,-2.070306,-2.009109,-1.926032,-1.839868,-1.762412,-1.687179,-1.595356,-1.492217,-1.375551,-1.240648,-1.105518,-0.9661893,-0.8111261,-0.6307081,-0.4360666,-0.2189381,2.840881E-02,0.3002227,0.5926393,0.9247881,1.315278,1.729826,2.17528,2.6409,3.126915,3.639405,4.176306,4.747922,5.314753,5.756024,6.010828,NA,NA,NA
NA,NA,NA,-0.3243698,-0.3400422,-0.3843247,-0.4459229,-0.5029424,-0.5508127,-0.5878056,-0.6151005,-0.6221768,-0.6055346,-0.5767503,-0.5314234,-0.4592324,-0.354613,-0.2268584,-8.525907E-02,7.387169E-02,0.2471726,0.4225952,0.6006265,0.7676495,0.9045546,1.020959,1.120195,1.193833,1.246349,1.271859,1.281835,1.280367,1.259993,1.202724,1.12837,1.038165,0.926287,0.8068387,0.6728324,0.5268297,0.3643685,0.1843002,-1.23249E-03,-0.1877047,-0.3672056,-0.5349667,-0.6994884,-0.86877,-1.056735,-1.257159,-1.457262,-1.647515,-1.824903,-2.002265,-2.181049,-2.337336,-2.484538,-2.611947,-2.69643,-2.773762,-2.848327,-2.908223,-2.97119,-3.035409,-3.089609,-3.149015,-3.194638,-3.219563,-3.232683,-3.225272,-3.184354,-3.137722,-3.096528,-3.038434,-2.978356,-2.919596,-2.865453,-2.827159,-2.770675,-2.692791,-2.611226,-2.535136,-2.469064,-2.415313,-2.369262,-2.326834,-2.281279,-2.222357,-2.148828,-2.058091,-1.966093,-1.88705,-1.812428,-1.72643,-1.624804,-1.51065,-1.372076,-1.226438,-1.073319,-0.9072707,-0.7234457,-0.527511,-0.3079081,-6.817321E-02,0.193644,0.4901491,0.8288789,1.209375,1.614742,2.058068,2.530116,3.022944,3.531723,4.06278,4.631179,5.182886,5.603038,5.847304,NA,NA,NA
NA,NA,NA,-0.2878209,-0.3037665,-0.3538468,-0.4337007,-0.5156053,-0.5879173,-0.6512206,-0.7087015,-0.7427796,-0.7461286,-0.7268956,-0.6899692,-0.6250011,-0.5294576,-0.4108263,-0.2770899,-0.1264404,3.770964E-02,0.2025766,0.3745753,0.5350828,0.6662495,0.7742029,0.8626423,0.9174367,0.9572389,0.9808063,0.9912834,0.9808573,0.9471034,0.8852745,0.8133795,0.7199969,0.6065046,0.4810883,0.3404039,0.1935001,3.062282E-02,-0.1555431,-0.3503453,-0.53986,-0.7204517,-0.8936406,-1.0741,-1.255558,-1.451337,-1.657712,-1.860881,-2.053795,-2.238428,-2.417526,-2.589828,-2.740202,-2.875301,-2.9812,-3.051168,-3.126174,-3.204858,-3.266176,-3.320917,-3.382006,-3.437204,-3.49434,-3.539542,-3.567198,-3.584133,-3.577703,-3.52857,-3.4723,-3.42253,-3.349036,-3.270445,-3.195804,-3.130904,-3.089835,-3.026592,-2.935391,-2.84159,-2.759787,-2.686443,-2.627403,-2.57465,-2.517175,-2.454799,-2.378446,-2.290345,-2.196471,-2.101969,-2.018313,-1.939642,-1.85513,-1.75423,-1.640486,-1.503405,-1.350083,-1.187662,-1.010003,-0.8242475,-0.6342523,-0.4222552,-0.1862692,6.820761E-02,0.3615214,0.6992998,1.073561,1.474195,1.914736,2.385227,2.877858,3.381569,3.903225,4.461104,4.995369,5.399668,5.639121,NA,NA,NA
NA,NA,NA,-0.2567343,-0.2741451,-0.333799,-0.4333519,-0.5384449,-0.6340935,-0.7230185,-0.8027285,-0.8580704,-0.8814097,-0.8709978,-0.8420923,-0.7896768,-0.7108604,-0.6084548,-0.4848162,-0.3391213,-0.1826454,-2.312307E-02,0.1424367,0.2965265,0.420683,0.5232318,0.6020014,0.6438299,0.6742414,0.6925522,0.7023067,0.6883166,0.6517629,0.5871789,0.5135027,0.4150803,0.2988227,0.166774,2.246452E-02,-0.1272177,-0.2933037,-0.4883521,-0.6921104,-0.8857704,-1.076979,-1.264402,-1.457543,-1.65259,-1.853779,-2.057134,-2.260153,-2.457171,-2.64298,-2.817886,-2.982395,-3.123149,-3.237502,-3.321977,-3.383241,-3.458063,-3.544696,-3.614522,-3.667891,-3.725385,-3.778844,-3.830324,-3.867837,-3.890279,-3.903723,-3.895952,-3.845405,-3.78509,-3.726451,-3.641809,-3.549546,-3.460106,-3.378949,-3.319994,-3.24757,-3.15257,-3.053513,-2.971062,-2.896635,-2.836268,-2.778316,-2.708022,-2.631605,-2.543989,-2.441687,-2.342267,-2.249204,-2.160105,-2.071109,-1.979904,-1.881894,-1.767116,-1.629393,-1.468478,-1.301139,-1.121107,-0.9394307,-0.7567034,-0.5519648,-0.3185973,-6.669949E-02,0.219034,0.5480281,0.9163047,1.317881,1.754672,2.218839,2.705896,3.203192,3.716929,4.257302,4.774344,5.163419,5.397029,NA,NA,NA
NA,NA,NA,-0.2330251,-0.2535028,-0.3231297,-0.435873,-0.5593924,-0.6768355,-0.7913474,-0.8912506,-0.9645445,-0.9990295,-0.9997216,-0.9837239,-0.9447154,-0.8804771,-0.7934089,-0.6847247,-0.5526605,-0.407458,-0.2528744,-9.577676E-02,4.975931E-02,0.1682038,0.2647507,0.3389798,0.374502,0.3947642,0.4035352,0.4085997,0.3928755,0.3623563,0.3020023,0.2241079,0.1197841,3.492814E-03,-0.1327552,-0.2788936,-0.432204,-0.6024576,-0.8026003,-1.015974,-1.217343,-1.421343,-1.625152,-1.823239,-2.026711,-2.230961,-2.427554,-2.632849,-2.836743,-3.017371,-3.181887,-3.336087,-3.46435,-3.565128,-3.641273,-3.697486,-3.76846,-3.853965,-3.927668,-3.983734,-4.038435,-4.092666,-4.142856,-4.172834,-4.189774,-4.199929,-4.189171,-4.13765,-4.071432,-4.000793,-3.906034,-3.803618,-3.701736,-3.602394,-3.514494,-3.430971,-3.343045,-3.250268,-3.165711,-3.088725,-3.026497,-2.966803,-2.893597,-2.805205,-2.70956,-2.599403,-2.49376,-2.398241,-2.306119,-2.207692,-2.103576,-2.003444,-1.8867,-1.751135,-1.588256,-1.419518,-1.247261,-1.070469,-0.8913292,-0.6903076,-0.4651941,-0.2161086,0.0636761,0.3849607,0.7430311,1.139778,1.570528,2.031587,2.516742,3.007683,3.509345,4.028925,4.525815,4.903644,5.129411,NA,NA,NA
NA,NA,NA,-0.2199097,-0.2421102,-0.3176518,-0.4433919,-0.585099,-0.72343,-0.8598934,-0.9786336,-1.064416,-1.108972,-1.123638,-1.122052,-1.099009,-1.044731,-0.9661911,-0.8733972,-0.7650312,-0.6383486,-0.4951479,-0.3491746,-0.2142923,-9.778451E-02,-3.307869E-03,6.704877E-02,0.0961609,0.1054713,0.1056022,0.1046444,8.811788E-02,6.386659E-02,8.985768E-03,-0.0704829,-0.1763376,-0.2899923,-0.4254456,-0.5695199,-0.7244943,-0.9002,-1.104131,-1.324619,-1.532155,-1.740893,-1.95302,-2.153571,-2.365016,-2.576992,-2.774532,-2.984477,-3.187726,-3.360304,-3.51653,-3.658816,-3.777359,-3.878797,-3.956993,-4.011161,-4.075791,-4.147928,-4.211411,-4.264804,-4.314557,-4.368297,-4.418791,-4.445575,-4.460082,-4.46784,-4.454329,-4.404609,-4.333518,-4.252429,-4.150071,-4.042522,-3.929325,-3.813914,-3.701313,-3.603505,-3.516601,-3.430187,-3.345761,-3.264848,-3.193024,-3.127543,-3.054907,-2.960143,-2.855905,-2.746788,-2.640931,-2.541635,-2.446737,-2.344823,-2.232796,-2.123722,-1.999767,-1.866843,-1.70948,-1.545944,-1.382254,-1.20858,-1.026695,-0.8296454,-0.6171415,-0.3746475,-9.625613E-02,0.2195296,0.5643,0.9484026,1.369055,1.824988,2.305786,2.791034,3.281087,3.780178,4.248342,4.617197,4.844011,NA,NA,NA
NA,NA,NA,-0.2139819,-0.2353875,-0.3154352,-0.4579317,-0.6212717,-0.7796241,-0.9308264,-1.065042,-1.15919,-1.21626,-1.246975,-1.262964,-1.259317,-1.218211,-1.150493,-1.066277,-0.9758011,-0.864866,-0.7365921,-0.6048414,-0.4813618,-0.3659732,-0.2717458,-0.209061,-0.1877782,-0.1849919,-0.190369,-0.1960521,-0.2149874,-0.2462003,-0.3054481,-0.3785468,-0.4744691,-0.5835627,-0.7125438,-0.8482065,-1.006016,-1.188725,-1.395601,-1.614312,-1.822951,-2.032048,-2.247996,-2.459484,-2.681893,-2.906738,-3.113336,-3.322928,-3.519822,-3.68501,-3.833543,-3.964869,-4.080369,-4.182773,-4.258975,-4.310556,-4.370599,-4.428441,-4.475336,-4.518876,-4.560711,-4.610562,-4.657244,-4.678115,-4.68885,-4.694494,-4.678842,-4.632743,-4.563949,-4.479593,-4.37398,-4.262071,-4.141012,-4.011942,-3.883432,-3.772626,-3.680606,-3.594483,-3.508035,-3.422627,-3.335938,-3.254563,-3.17563,-3.079462,-2.973696,-2.868009,-2.769599,-2.672855,-2.575894,-2.472682,-2.360477,-2.241612,-2.112368,-1.980565,-1.827345,-1.669381,-1.509689,-1.338475,-1.15098,-0.9572223,-0.7533377,-0.524421,-0.2527704,5.298097E-02,0.3888389,0.7571937,1.165277,1.613488,2.083245,2.555437,3.028121,3.510762,3.953413,4.305019,4.533783,NA,NA,NA
NA,NA,NA,-0.20947,-0.2295235,-0.3131614,-0.4701722,-0.6534885,-0.8306046,-0.9962327,-1.143037,-1.245078,-1.316585,-1.365111,-1.401071,-1.416499,-1.393015,-1.340211,-1.262974,-1.178823,-1.075312,-0.9583581,-0.8391996,-0.7267224,-0.6177685,-0.5267661,-0.4699033,-0.4506597,-0.4499252,-0.4636244,-0.4775364,-0.5011566,-0.5449836,-0.6120325,-0.6740236,-0.7571995,-0.8609578,-0.9810049,-1.110444,-1.269564,-1.454608,-1.66066,-1.872267,-2.080362,-2.291334,-2.511683,-2.738938,-2.973961,-3.201488,-3.413334,-3.618067,-3.806272,-3.965324,-4.106266,-4.233474,-4.347155,-4.439835,-4.507439,-4.556115,-4.612328,-4.663744,-4.701664,-4.735992,-4.768488,-4.812365,-4.850383,-4.861145,-4.862159,-4.8624,-4.842362,-4.800198,-4.73792,-4.655208,-4.546086,-4.429711,-4.303713,-4.166772,-4.030315,-3.912029,-3.813027,-3.72418,-3.633415,-3.536621,-3.441108,-3.346277,-3.254162,-3.156761,-3.048625,-2.945781,-2.855031,-2.766835,-2.672756,-2.572306,-2.462017,-2.339713,-2.208971,-2.073155,-1.924817,-1.771191,-1.614779,-1.448342,-1.259694,-1.064953,-0.8645746,-0.6495433,-0.3891583,-9.796285E-02,0.2235017,0.5741373,0.9672864,1.403408,1.863425,2.32262,2.779787,3.243461,3.666014,4.000205,4.221375,NA,NA,NA
NA,NA,NA,-0.1778455,-0.2010351,-0.2926739,-0.4627221,-0.6662338,-0.8595228,-1.037015,-1.195583,-1.308206,-1.394393,-1.459747,-1.515457,-1.548767,-1.541047,-1.500732,-1.434309,-1.353705,-1.253695,-1.141942,-1.033037,-0.9344994,-0.837501,-0.7533724,-0.6963168,-0.6726225,-0.6720743,-0.6918147,-0.7150013,-0.7465348,-0.7990968,-0.865575,-0.9208228,-0.9985934,-1.098397,-1.212522,-1.340712,-1.496798,-1.671212,-1.867279,-2.069124,-2.273989,-2.484432,-2.710991,-2.952242,-3.192907,-3.418357,-3.634609,-3.837756,-4.014626,-4.162713,-4.295973,-4.420742,-4.531109,-4.614785,-4.67691,-4.72458,-4.775766,-4.823356,-4.858413,-4.883951,-4.907615,-4.941521,-4.967882,-4.970013,-4.961139,-4.953852,-4.930593,-4.889254,-4.833234,-4.755816,-4.646538,-4.525119,-4.400484,-4.261647,-4.120761,-3.990949,-3.884081,-3.791228,-3.693504,-3.581877,-3.478031,-3.376926,-3.274231,-3.170182,-3.064102,-2.963053,-2.874829,-2.79265,-2.705303,-2.61075,-2.505204,-2.38541,-2.257929,-2.122843,-1.98223,-1.837296,-1.685287,-1.522313,-1.335571,-1.13642,-0.9342666,-0.7260186,-0.4810239,-0.2063206,9.599248E-02,0.4219806,0.7985027,1.222486,1.672839,2.11459,2.550969,2.994361,3.407821,3.731731,3.940811,NA,NA,NA
NA,NA,NA,-0.1053418,-0.1338249,-0.2373042,-0.4177937,-0.6394341,-0.8526095,-1.043801,-1.211544,-1.337921,-1.437724,-1.521204,-1.593135,-1.635754,-1.636174,-1.606013,-1.552284,-1.480972,-1.386881,-1.27859,-1.176154,-1.091203,-1.008514,-0.9319159,-0.8761038,-0.8492692,-0.8477839,-0.8660094,-0.8954302,-0.9346026,-0.9875998,-1.044347,-1.099711,-1.177318,-1.273285,-1.385691,-1.515069,-1.662525,-1.823449,-2.004596,-2.198523,-2.394255,-2.603896,-2.837475,-3.079144,-3.317786,-3.542729,-3.759691,-3.960917,-4.125306,-4.25998,-4.387102,-4.508409,-4.615571,-4.700953,-4.760756,-4.807769,-4.85184,-4.895103,-4.92987,-4.949267,-4.963697,-4.983268,-4.998711,-4.995467,-4.979465,-4.96395,-4.937529,-4.898323,-4.842609,-4.763224,-4.651675,-4.531243,-4.405902,-4.267881,-4.124927,-3.990818,-3.877907,-3.778723,-3.671978,-3.55132,-3.441411,-3.334902,-3.227536,-3.118035,-3.012983,-2.912037,-2.824663,-2.746626,-2.666081,-2.576231,-2.475687,-2.360884,-2.235936,-2.107574,-1.975061,-1.845292,-1.702162,-1.546389,-1.362487,-1.162453,-0.95711,-0.7528853,-0.5216265,-0.2595383,2.661425E-02,0.3285028,0.6844827,1.08535,1.515355,1.939187,2.357916,2.783428,3.186108,3.509565,3.712807,NA,NA,NA
NA,NA,NA,1.628074E-02,-1.442104E-02,-0.1307449,-0.3227437,-0.5601869,-0.7918637,-0.9980558,-1.1739,-1.316437,-1.433934,-1.536731,-1.622208,-1.670036,-1.673753,-1.649845,-1.605344,-1.543354,-1.459304,-1.358763,-1.261035,-1.187227,-1.118576,-1.050128,-0.9964536,-0.9719189,-0.9690584,-0.9831264,-1.012462,-1.05275,-1.09915,-1.147193,-1.206469,-1.285589,-1.378733,-1.488032,-1.615469,-1.756899,-1.90834,-2.069756,-2.251091,-2.437506,-2.643426,-2.870862,-3.103842,-3.338103,-3.567645,-3.78103,-3.978079,-4.143183,-4.276196,-4.393569,-4.504897,-4.609375,-4.697739,-4.756107,-4.797312,-4.837221,-4.872619,-4.897845,-4.908589,-4.915037,-4.921354,-4.927855,-4.925211,-4.908676,-4.886285,-4.851629,-4.808976,-4.752972,-4.669913,-4.555117,-4.433577,-4.31138,-4.1733,-4.027906,-3.892669,-3.778674,-3.669457,-3.554798,-3.435598,-3.324244,-3.218749,-3.108831,-2.994326,-2.889523,-2.79169,-2.71035,-2.635546,-2.557767,-2.470058,-2.373096,-2.263881,-2.145666,-2.03012,-1.9084,-1.786639,-1.653318,-1.501212,-1.321407,-1.126033,-0.9236405,-0.7234243,-0.5052303,-0.2577894,1.466224E-02,0.3019927,0.6393982,1.01221,1.41359,1.820568,2.223415,2.629783,3.020079,3.340041,3.54017,NA,NA,NA
NA,NA,NA,0.1713437,0.1416975,2.144808E-02,-0.1734089,-0.4193974,-0.6706237,-0.8958241,-1.08467,-1.245035,-1.380044,-1.500983,-1.598792,-1.655103,-1.66392,-1.644491,-1.603496,-1.546576,-1.472027,-1.38481,-1.297097,-1.232665,-1.177283,-1.117819,-1.068473,-1.047505,-1.04296,-1.052155,-1.075258,-1.110481,-1.149016,-1.192755,-1.252087,-1.329451,-1.422136,-1.529885,-1.655809,-1.791277,-1.932005,-2.076447,-2.245304,-2.415648,-2.608362,-2.820366,-3.039396,-3.269256,-3.497326,-3.70707,-3.903914,-4.078927,-4.218041,-4.329132,-4.427382,-4.525525,-4.611243,-4.665025,-4.69761,-4.729735,-4.756509,-4.771662,-4.777432,-4.778145,-4.775908,-4.774288,-4.771533,-4.752481,-4.71985,-4.677321,-4.62833,-4.567068,-4.477526,-4.359636,-4.243876,-4.124729,-3.984993,-3.840619,-3.708128,-3.589797,-3.473395,-3.356925,-3.242369,-3.133411,-3.029101,-2.919762,-2.809669,-2.706136,-2.609454,-2.531191,-2.456863,-2.37983,-2.29941,-2.202582,-2.104372,-2.001759,-1.903844,-1.794955,-1.677541,-1.548512,-1.4,-1.229263,-1.045195,-0.8523579,-0.6556672,-0.441882,-0.2044052,5.397261E-02,0.3299286,0.6496992,0.9995343,1.375926,1.764235,2.149515,2.53707,2.913351,3.220492,3.411054,NA,NA,NA
NA,NA,NA,0.3308846,0.3009031,0.18107,-1.625147E-02,-0.2694526,-0.5314511,-0.7711372,-0.9774279,-1.154781,-1.305719,-1.436599,-1.545915,-1.615978,-1.637325,-1.620013,-1.57984,-1.525775,-1.458179,-1.385044,-1.315914,-1.260502,-1.215752,-1.166869,-1.120522,-1.093841,-1.086038,-1.093309,-1.112331,-1.141004,-1.174672,-1.219501,-1.27843,-1.349276,-1.442109,-1.553435,-1.674076,-1.798832,-1.926415,-2.062251,-2.222162,-2.376634,-2.546439,-2.744224,-2.946106,-3.163043,-3.383227,-3.594921,-3.789404,-3.966619,-4.111459,-4.224239,-4.316849,-4.40302,-4.480083,-4.523763,-4.546931,-4.569658,-4.586687,-4.592068,-4.59141,-4.588547,-4.581978,-4.575996,-4.571779,-4.548786,-4.506039,-4.455584,-4.397837,-4.325555,-4.229224,-4.113702,-4.00309,-3.884147,-3.746659,-3.604609,-3.470007,-3.345414,-3.222717,-3.109213,-2.999692,-2.892412,-2.790561,-2.686158,-2.584013,-2.485833,-2.389305,-2.307557,-2.230743,-2.152161,-2.07585,-1.988855,-1.909616,-1.829178,-1.744541,-1.644907,-1.533592,-1.411381,-1.271945,-1.115238,-0.9409739,-0.7590773,-0.5667561,-0.3600478,-0.1349024,0.1066733,0.368332,0.6699325,1.007937,1.373194,1.745929,2.10749,2.470032,2.825942,3.115823,3.297966,NA,NA,NA
NA,NA,NA,0.4613473,0.4305827,0.316067,0.1177505,-0.1405628,-0.4096963,-0.6562861,-0.873412,-1.070619,-1.241774,-1.38342,-1.501891,-1.583082,-1.618096,-1.605321,-1.570238,-1.519835,-1.460135,-1.399965,-1.349625,-1.30613,-1.264077,-1.221169,-1.179907,-1.149483,-1.137015,-1.139786,-1.155077,-1.178623,-1.213174,-1.258724,-1.311783,-1.376937,-1.470131,-1.583792,-1.698665,-1.812266,-1.930903,-2.062211,-2.213221,-2.352925,-2.501808,-2.683486,-2.870965,-3.069542,-3.276873,-3.48174,-3.670589,-3.843771,-3.987417,-4.106362,-4.200719,-4.280665,-4.349699,-4.38591,-4.402309,-4.414051,-4.422943,-4.424109,-4.419613,-4.413632,-4.404182,-4.394495,-4.384859,-4.356087,-4.303483,-4.243682,-4.175822,-4.088202,-3.985713,-3.87911,-3.770026,-3.643103,-3.505006,-3.368904,-3.232331,-3.101065,-2.977338,-2.863801,-2.757529,-2.65264,-2.553217,-2.455545,-2.359749,-2.265344,-2.169364,-2.08252,-2.005969,-1.931335,-1.859724,-1.788015,-1.724916,-1.655336,-1.576388,-1.484899,-1.386743,-1.276161,-1.148322,-1.003286,-0.8396528,-0.666568,-0.4906942,-0.3016783,-0.0929237,0.1379203,0.3849616,0.6665082,0.9865485,1.335081,1.69019,2.032434,2.376475,2.714151,2.98824,3.160628,NA,NA,NA
NA,NA,NA,0.5638332,0.5311174,0.4218852,0.2263397,-3.029597E-02,-0.306526,-0.5594975,-0.7861973,-1.000502,-1.192073,-1.348441,-1.47798,-1.572397,-1.618,-1.613886,-1.586706,-1.542608,-1.491676,-1.443424,-1.406851,-1.375195,-1.334515,-1.293463,-1.255187,-1.226731,-1.213789,-1.213172,-1.221053,-1.235153,-1.265836,-1.304234,-1.350877,-1.415431,-1.509534,-1.619862,-1.728339,-1.834058,-1.948376,-2.080097,-2.219791,-2.342972,-2.471366,-2.632856,-2.806021,-2.991733,-3.189617,-3.380046,-3.563336,-3.72743,-3.869441,-3.988416,-4.08606,-4.164032,-4.228345,-4.263493,-4.274965,-4.277505,-4.278393,-4.27597,-4.268126,-4.259021,-4.247432,-4.234759,-4.218555,-4.179314,-4.118933,-4.048715,-3.968916,-3.870977,-3.766659,-3.662645,-3.549457,-3.418173,-3.279598,-3.147519,-3.01115,-2.877177,-2.749614,-2.633116,-2.529254,-2.431564,-2.336876,-2.242563,-2.149505,-2.061908,-1.973377,-1.88918,-1.816785,-1.74867,-1.67833,-1.617287,-1.560953,-1.495551,-1.422653,-1.342734,-1.257481,-1.16241,-1.0436,-0.9080673,-0.7565974,-0.5972723,-0.4448796,-0.2800991,-8.634153E-02,0.1396237,0.3766536,0.6383268,0.935312,1.259028,1.589571,1.910861,2.23945,2.560567,2.822072,2.987839,NA,NA,NA
NA,NA,NA,0.6523213,0.6211544,0.5121653,0.3189807,6.284258E-02,-0.2153035,-0.4786194,-0.7212015,-0.9516267,-1.158527,-1.329774,-1.469697,-1.574208,-1.62646,-1.633535,-1.619593,-1.587111,-1.544526,-1.503719,-1.473875,-1.449697,-1.413967,-1.372569,-1.335821,-1.310046,-1.297291,-1.292274,-1.291368,-1.297127,-1.317914,-1.346495,-1.39005,-1.453605,-1.540653,-1.641264,-1.74566,-1.84934,-1.96395,-2.094649,-2.219254,-2.324208,-2.435149,-2.577327,-2.738934,-2.916852,-3.104601,-3.277818,-3.447353,-3.602518,-3.740282,-3.855924,-3.954837,-4.035313,-4.09746,-4.135492,-4.148168,-4.143059,-4.136086,-4.130871,-4.121227,-4.109034,-4.09331,-4.076135,-4.050723,-3.997436,-3.928007,-3.845822,-3.754705,-3.651718,-3.54613,-3.439316,-3.32314,-3.195735,-3.062057,-2.933164,-2.799029,-2.662704,-2.528288,-2.409723,-2.309611,-2.218285,-2.129477,-2.039781,-1.950215,-1.868253,-1.790214,-1.717399,-1.650489,-1.587919,-1.520767,-1.462713,-1.408929,-1.349181,-1.28403,-1.214861,-1.138052,-1.057257,-0.9505454,-0.8305339,-0.6946885,-0.5572413,-0.4283129,-0.2836121,-0.1024771,0.1131697,0.3327625,0.5739308,0.8447369,1.144646,1.454623,1.759808,2.069841,2.372581,2.614795,2.774601,NA,NA,NA
NA,NA,NA,0.7360758,0.7060948,0.5925797,0.3940809,0.1316952,-0.1533216,-0.4287475,-0.6874312,-0.9273948,-1.142112,-1.32995,-1.482633,-1.595393,-1.656025,-1.676213,-1.675235,-1.653844,-1.619561,-1.583204,-1.552794,-1.525455,-1.49105,-1.452242,-1.419124,-1.393926,-1.380781,-1.368719,-1.357687,-1.355721,-1.369549,-1.394407,-1.434322,-1.492323,-1.564922,-1.653937,-1.750476,-1.853733,-1.96938,-2.09526,-2.204898,-2.293472,-2.393756,-2.525898,-2.671722,-2.830734,-3.003551,-3.16499,-3.319349,-3.462854,-3.594345,-3.708926,-3.808685,-3.888949,-3.949371,-3.988618,-4.005277,-3.996194,-3.984138,-3.975918,-3.963556,-3.947582,-3.924995,-3.902314,-3.866477,-3.803056,-3.725615,-3.631621,-3.529261,-3.422854,-3.315198,-3.205346,-3.090118,-2.970967,-2.845033,-2.717494,-2.583997,-2.448598,-2.309395,-2.193857,-2.097112,-2.008959,-1.92725,-1.846547,-1.761406,-1.68684,-1.62059,-1.559057,-1.497027,-1.436454,-1.372965,-1.319166,-1.269363,-1.215888,-1.158105,-1.099356,-1.036815,-0.9712686,-0.8794352,-0.7755983,-0.6586407,-0.5457246,-0.4351628,-0.3146378,-0.1527945,0.0454258,0.2479167,0.4700067,0.7180181,0.9909125,1.278598,1.565677,1.856101,2.137228,2.365695,2.517812,NA,NA,NA
NA,NA,NA,0.8082252,0.7791005,0.6599844,0.4458604,0.1655894,-0.132401,-0.4179922,-0.683543,-0.9269158,-1.150845,-1.357027,-1.521986,-1.64113,-1.715426,-1.748031,-1.754684,-1.740288,-1.712308,-1.67615,-1.642274,-1.610293,-1.576991,-1.54366,-1.515503,-1.490438,-1.47295,-1.453486,-1.436437,-1.428759,-1.435118,-1.451721,-1.479927,-1.527084,-1.588922,-1.665215,-1.750899,-1.851074,-1.962928,-2.080251,-2.178211,-2.257275,-2.352365,-2.478471,-2.610497,-2.74651,-2.892733,-3.040891,-3.185221,-3.316859,-3.440023,-3.552048,-3.650627,-3.731074,-3.791065,-3.829713,-3.845175,-3.835047,-3.820155,-3.809251,-3.793766,-3.773342,-3.748712,-3.721088,-3.675363,-3.601995,-3.516604,-3.410937,-3.299872,-3.1877,-3.080159,-2.970763,-2.859396,-2.744044,-2.623217,-2.497996,-2.367548,-2.236197,-2.101877,-1.989316,-1.893969,-1.810322,-1.737394,-1.667981,-1.592156,-1.529531,-1.475402,-1.419691,-1.366283,-1.31204,-1.253309,-1.203554,-1.156222,-1.10738,-1.061247,-1.014943,-0.9673407,-0.9174759,-0.8436375,-0.754989,-0.6532434,-0.5586522,-0.464197,-0.3701308,-0.2358102,-6.594009E-02,0.1159316,0.3193375,0.5428838,0.7877331,1.05184,1.320697,1.592433,1.852017,2.068823,2.208202,NA,NA,NA
NA,NA,NA,0.873146,0.8430579,0.7173242,0.4865029,0.1885054,-0.1186495,-0.4097259,-0.6773467,-0.9230086,-1.158158,-1.381105,-1.560463,-1.694646,-1.784553,-1.822628,-1.830987,-1.820965,-1.7965,-1.759008,-1.720309,-1.685544,-1.652202,-1.62251,-1.600301,-1.581221,-1.560885,-1.534961,-1.51159,-1.499344,-1.496447,-1.497994,-1.510539,-1.546501,-1.603443,-1.667308,-1.740186,-1.829875,-1.930571,-2.035569,-2.124751,-2.202363,-2.291742,-2.40863,-2.533484,-2.651161,-2.772281,-2.904167,-3.036596,-3.156958,-3.273455,-3.378813,-3.466926,-3.541265,-3.601087,-3.643642,-3.655427,-3.645025,-3.628772,-3.616522,-3.600743,-3.580399,-3.558783,-3.523986,-3.465248,-3.378194,-3.286517,-3.177824,-3.058624,-2.937085,-2.830014,-2.723391,-2.614911,-2.500441,-2.387326,-2.267936,-2.142063,-2.016448,-1.890868,-1.780809,-1.686517,-1.610078,-1.542992,-1.482995,-1.429857,-1.383662,-1.336272,-1.286221,-1.244266,-1.198855,-1.147389,-1.104322,-1.064921,-1.024919,-0.9934797,-0.9597147,-0.9235595,-0.881112,-0.8201159,-0.7515988,-0.6723692,-0.5903882,-0.5075905,-0.4340797,-0.3269456,-0.1875358,-0.0301542,0.1488417,0.3457779,0.5606369,0.7995765,1.046713,1.301501,1.538511,1.736531,1.857558,NA,NA,NA
NA,NA,NA,0.9497559,0.9134121,0.7750383,0.5333517,0.2289806,-8.114884E-02,-0.3802718,-0.6542704,-0.9027715,-1.139891,-1.368728,-1.564066,-1.715514,-1.813827,-1.85598,-1.868379,-1.864632,-1.842945,-1.805208,-1.762014,-1.725018,-1.68965,-1.661024,-1.642569,-1.630245,-1.609138,-1.57981,-1.553727,-1.5371,-1.52574,-1.515707,-1.519079,-1.54565,-1.594405,-1.6471,-1.707555,-1.7823,-1.868221,-1.955379,-2.032025,-2.109135,-2.192701,-2.296796,-2.412389,-2.52102,-2.625366,-2.740431,-2.859275,-2.968305,-3.071395,-3.16448,-3.242274,-3.306652,-3.364494,-3.409497,-3.419497,-3.412204,-3.40135,-3.393013,-3.378323,-3.358247,-3.332658,-3.288551,-3.215624,-3.115642,-3.018788,-2.910255,-2.783577,-2.658207,-2.551093,-2.449474,-2.345859,-2.234299,-2.127438,-2.018326,-1.897653,-1.777261,-1.661751,-1.557802,-1.466192,-1.395411,-1.329777,-1.280444,-1.246895,-1.213767,-1.173639,-1.132246,-1.101057,-1.065673,-1.028239,-0.9974353,-0.966916,-0.9369314,-0.914809,-0.892329,-0.8638653,-0.8324663,-0.7882397,-0.7443085,-0.6885174,-0.6182451,-0.5495777,-0.4911384,-0.4081091,-0.2968363,-0.1675895,-1.273207E-02,0.1595461,0.3488527,0.5607918,0.7791911,1.005426,1.217594,1.396618,1.502329,NA,NA,NA
NA,NA,NA,1.038805,0.9954633,0.8453606,0.5977069,0.2936611,-1.840873E-02,-0.3235718,-0.6062152,-0.8596056,-1.095758,-1.325536,-1.526984,-1.688855,-1.791286,-1.841048,-1.86142,-1.86431,-1.847404,-1.808743,-1.763067,-1.724332,-1.68863,-1.658826,-1.63937,-1.62715,-1.606854,-1.578269,-1.551505,-1.531907,-1.517559,-1.50637,-1.507225,-1.525261,-1.559822,-1.60295,-1.650853,-1.709822,-1.779913,-1.852614,-1.916291,-1.982615,-2.058694,-2.152079,-2.254848,-2.355726,-2.451627,-2.551225,-2.652181,-2.74747,-2.832121,-2.912389,-2.985287,-3.038369,-3.088972,-3.125685,-3.136906,-3.138198,-3.136729,-3.129856,-3.112561,-3.087885,-3.047183,-2.995691,-2.921293,-2.817693,-2.716063,-2.60692,-2.47623,-2.35539,-2.247975,-2.148944,-2.056003,-1.953305,-1.846712,-1.747551,-1.636012,-1.52099,-1.412465,-1.313097,-1.222893,-1.15632,-1.098106,-1.060642,-1.036944,-1.01468,-0.9847606,-0.952491,-0.9295449,-0.9091684,-0.8888803,-0.8705369,-0.8475636,-0.8262457,-0.8113229,-0.8004994,-0.7835224,-0.7662106,-0.742039,-0.7173011,-0.6799213,-0.6266693,-0.5781816,-0.5340818,-0.4702973,-0.3826003,-0.2786731,-0.1488134,-2.346613E-03,0.1615767,0.3464248,0.536732,0.7312739,0.9187075,1.079848,1.168,NA,NA,NA
NA,NA,NA,1.145704,1.097182,0.937723,0.6846656,0.3791308,6.213191E-02,-0.2485497,-0.5383241,-0.7932564,-1.024042,-1.248644,-1.454895,-1.620796,-1.725665,-1.785407,-1.817896,-1.82737,-1.811677,-1.770613,-1.72572,-1.687793,-1.649739,-1.614833,-1.590438,-1.57452,-1.554614,-1.529876,-1.506004,-1.484752,-1.470598,-1.462134,-1.462611,-1.471977,-1.491302,-1.522398,-1.559431,-1.605512,-1.658591,-1.718205,-1.775487,-1.830204,-1.895676,-1.976188,-2.061465,-2.152236,-2.236686,-2.313855,-2.399745,-2.485385,-2.552807,-2.622446,-2.69035,-2.737088,-2.775084,-2.801104,-2.817083,-2.825619,-2.825995,-2.812346,-2.788402,-2.754877,-2.699001,-2.646063,-2.583368,-2.486082,-2.383088,-2.270988,-2.141731,-2.030069,-1.926916,-1.82427,-1.741793,-1.648668,-1.536585,-1.440848,-1.34454,-1.238699,-1.135792,-1.030622,-0.9427382,-0.8838232,-0.8370843,-0.8101592,-0.7952152,-0.7854079,-0.7678508,-0.7448671,-0.7299428,-0.7238829,-0.7170573,-0.710117,-0.6968173,-0.6842113,-0.6801665,-0.6812053,-0.6804785,-0.6828569,-0.6776177,-0.6672421,-0.6474922,-0.6145741,-0.5861887,-0.5582737,-0.5109642,-0.4443145,-0.3559697,-0.2483046,-0.1255433,1.258742E-02,0.1673712,0.3305468,0.4970715,0.6618447,0.8032957,0.8752469,NA,NA,NA
NA,NA,NA,1.286069,1.234018,1.06658,0.8089637,0.5003483,0.1774962,-0.1399676,-0.4365599,-0.6976916,-0.9296098,-1.1492,-1.355213,-1.519283,-1.625568,-1.68463,-1.72503,-1.740171,-1.724038,-1.68502,-1.647489,-1.610096,-1.566675,-1.523804,-1.493154,-1.473778,-1.452935,-1.429885,-1.406507,-1.383557,-1.368819,-1.359989,-1.35937,-1.366712,-1.378322,-1.397232,-1.423655,-1.457879,-1.493446,-1.538056,-1.58576,-1.629672,-1.685008,-1.755183,-1.825179,-1.905637,-1.975917,-2.025595,-2.09174,-2.167959,-2.224408,-2.28633,-2.342333,-2.379296,-2.409624,-2.433265,-2.45001,-2.456845,-2.454497,-2.434904,-2.40702,-2.370447,-2.309281,-2.252916,-2.194397,-2.107863,-2.013008,-1.901533,-1.77443,-1.671333,-1.575266,-1.470773,-1.391142,-1.301833,-1.187973,-1.094324,-1.004379,-0.9050184,-0.8089314,-0.7029128,-0.6215989,-0.572997,-0.5372809,-0.5169135,-0.5132702,-0.5148251,-0.5062856,-0.4963514,-0.4958766,-0.5023788,-0.5048078,-0.5087569,-0.5093178,-0.5089375,-0.5187916,-0.534489,-0.5535536,-0.5732758,-0.5842852,-0.5882191,-0.5855004,-0.5753759,-0.5668297,-0.5546522,-0.5230741,-0.4737016,-0.4004727,-0.31074,-0.2097199,-9.970449E-02,2.810102E-02,0.1636415,0.3035826,0.4425609,0.5595548,0.621448,NA,NA,NA
NA,NA,NA,1.459102,1.40696,1.237452,0.9756446,0.6599492,0.328973,2.940672E-03,-0.3034058,-0.5734205,-0.8090938,-1.022194,-1.223698,-1.385555,-1.496228,-1.552992,-1.589863,-1.604559,-1.589046,-1.555995,-1.522112,-1.483214,-1.439907,-1.393629,-1.354012,-1.327535,-1.303404,-1.278108,-1.254863,-1.230729,-1.213727,-1.200732,-1.198351,-1.20675,-1.216618,-1.226613,-1.242324,-1.261215,-1.281148,-1.309347,-1.341861,-1.376705,-1.425529,-1.486751,-1.544407,-1.614924,-1.668848,-1.697487,-1.745894,-1.805763,-1.850157,-1.901175,-1.946233,-1.974711,-2.001184,-2.024292,-2.036904,-2.040488,-2.038298,-2.020145,-1.99301,-1.958198,-1.897763,-1.834432,-1.765125,-1.681742,-1.601271,-1.500119,-1.378865,-1.281819,-1.192572,-1.09215,-1.010915,-0.9207631,-0.8077386,-0.7157044,-0.6242744,-0.5252901,-0.4340991,-0.3361023,-0.2689898,-0.2314422,-0.2034094,-0.187596,-0.1926838,-0.2050925,-0.2115905,-0.2179427,-0.2291927,-0.243091,-0.2528907,-0.2684544,-0.2874379,-0.3081791,-0.3340523,-0.3662211,-0.4019834,-0.4372519,-0.4673095,-0.4891722,-0.5024897,-0.5122899,-0.5232397,-0.5285891,-0.5138631,-0.4832416,-0.4339229,-0.3664912,-0.286853,-0.1997634,-9.950857E-02,9.030092E-03,0.1230955,0.2369576,0.3353702,0.3976528,NA,NA,NA
NA,NA,NA,1.648427,1.598864,1.433843,1.167969,0.8408364,0.5022795,0.1745692,-0.1401205,-0.428544,-0.6746135,-0.8815187,-1.070548,-1.229553,-1.346945,-1.405202,-1.433975,-1.44215,-1.43196,-1.402403,-1.361804,-1.319892,-1.281788,-1.236097,-1.185663,-1.146805,-1.116905,-1.087473,-1.063551,-1.040223,-1.02339,-1.006891,-1.001689,-1.008452,-1.017009,-1.019348,-1.02302,-1.027648,-1.033231,-1.046656,-1.066449,-1.093013,-1.133072,-1.184256,-1.233154,-1.291473,-1.333847,-1.35421,-1.389498,-1.430864,-1.458644,-1.494427,-1.5332,-1.556698,-1.577647,-1.590237,-1.596393,-1.600475,-1.603024,-1.588052,-1.562165,-1.529023,-1.47391,-1.413071,-1.335322,-1.246569,-1.175623,-1.08909,-0.9762775,-0.8839388,-0.8000579,-0.7022563,-0.6182387,-0.5290264,-0.4166568,-0.323501,-0.2329939,-0.1327517,-4.008077E-02,0.0474635,9.854899E-02,0.1263086,0.1446139,0.1539068,0.1399541,0.1152864,9.022246E-02,6.706658E-02,4.972525E-02,3.112386E-02,1.402404E-02,-1.338808E-02,-5.235089E-02,-9.920989E-02,-0.1442113,-0.192204,-0.2410023,-0.2899741,-0.3385478,-0.3790751,-0.408906,-0.4379821,-0.4708619,-0.4959315,-0.5000094,-0.4912687,-0.4734118,-0.4378829,-0.3809113,-0.3119358,-0.2399357,-0.1575888,-6.466822E-02,3.013347E-02,0.1173244,0.1825059,NA,NA,NA
NA,NA,NA,1.846192,1.794955,1.63302,1.366401,1.028563,0.6796101,0.3493075,3.248359E-02,-0.2664574,-0.5238467,-0.7320436,-0.9127334,-1.066857,-1.184488,-1.244416,-1.26595,-1.268711,-1.2628,-1.233877,-1.184298,-1.136228,-1.097477,-1.047495,-0.9864208,-0.9392632,-0.9023814,-0.8673375,-0.8436375,-0.8240705,-0.8125003,-0.7982188,-0.7915705,-0.792443,-0.7957051,-0.7911177,-0.7857026,-0.779498,-0.7716616,-0.7699339,-0.7827975,-0.8033566,-0.831493,-0.8673986,-0.9045354,-0.9516875,-0.98777,-1.005048,-1.033444,-1.061064,-1.07237,-1.091833,-1.121121,-1.142111,-1.155104,-1.156218,-1.157082,-1.160924,-1.16271,-1.142532,-1.111989,-1.07776,-1.034968,-0.9896011,-0.9178478,-0.8271999,-0.7596672,-0.6848415,-0.5808225,-0.4911534,-0.4079994,-0.3061219,-0.2204798,-0.1340897,-0.02178,7.368165E-02,0.16158,0.2606776,0.3544784,0.4352614,0.4733324,0.4903056,0.4977096,0.4992348,0.4726955,0.4351474,0.3993101,0.3673497,0.3433594,0.3141066,0.2785589,0.2358598,0.1800556,0.1144677,5.059086E-02,-1.445518E-02,-7.553704E-02,-0.1410391,-0.2077658,-0.2692043,-0.3223611,-0.369793,-0.4252973,-0.4727154,-0.5025921,-0.5157208,-0.5221321,-0.5136739,-0.4836159,-0.4335337,-0.3843202,-0.3284983,-0.2580167,-0.1770469,-9.659894E-02,-3.088452E-02,NA,NA,NA
NA,NA,NA,2.044571,1.991888,1.823303,1.553409,1.209815,0.8536838,0.5139675,0.198429,-0.0962074,-0.3552299,-0.5706603,-0.7516718,-0.9000701,-1.007591,-1.063252,-1.084087,-1.088296,-1.081632,-1.053029,-1.003797,-0.9463053,-0.894919,-0.8369857,-0.7765129,-0.7325248,-0.6898732,-0.648313,-0.6210022,-0.6000941,-0.5871997,-0.5749975,-0.5683669,-0.5676677,-0.5676862,-0.5587143,-0.5436608,-0.5254934,-0.5044842,-0.4885466,-0.493912,-0.5062093,-0.5234956,-0.5442353,-0.5703421,-0.6086144,-0.641417,-0.6563303,-0.6788332,-0.6983567,-0.6982916,-0.7040644,-0.7195289,-0.7352018,-0.7435685,-0.7380246,-0.7300647,-0.7276726,-0.7255929,-0.6989643,-0.6603436,-0.6239604,-0.5932351,-0.5632361,-0.5068352,-0.425893,-0.3588587,-0.2851127,-0.1862584,-0.0988162,-0.0135691,0.0914288,0.1774697,0.2645537,0.3756192,0.4706529,0.5587783,0.6523643,0.7342485,0.8032305,0.8359872,0.8485214,0.8468233,0.8359817,0.7970386,0.7543114,0.7210937,0.6868821,0.6512585,0.6046776,0.5441496,0.4796771,0.4053273,0.3267696,0.2475123,0.1681452,9.069499E-02,6.027832E-03,-7.984479E-02,-0.1644848,-0.2428887,-0.3120174,-0.3916172,-0.4640785,-0.5216952,-0.5553363,-0.5814908,-0.5947954,-0.5894451,-0.5597476,-0.5290778,-0.4968512,-0.4488814,-0.3819801,-0.3097662,-0.2461971,NA,NA,NA
NA,NA,NA,2.241557,2.189897,2.00914,1.729723,1.380898,1.018262,0.6674776,0.352399,7.156995E-02,-0.1778222,-0.3962588,-0.5800046,-0.7224065,-0.8181763,-0.8730445,-0.8999355,-0.9093918,-0.8983623,-0.8695734,-0.8226005,-0.7572309,-0.6959175,-0.6369296,-0.5827059,-0.5424552,-0.494719,-0.4473052,-0.4121005,-0.3815721,-0.3552088,-0.3384848,-0.3320125,-0.3339862,-0.3325635,-0.3195977,-0.2953821,-0.2647031,-0.2334964,-0.2066847,-0.2024914,-0.2051826,-0.2133596,-0.2216633,-0.2371634,-0.2656976,-0.2943318,-0.3087248,-0.326895,-0.3403811,-0.3356146,-0.3330891,-0.335655,-0.3401765,-0.3423771,-0.3351336,-0.3225693,-0.3137515,-0.3081468,-0.2799861,-0.2382288,-0.2003554,-0.1728138,-0.1457904,-0.1002252,-3.348581E-02,3.388214E-02,0.1133252,0.2081766,0.2925146,0.3821898,0.4878651,0.5742669,0.6626873,0.7721147,0.8659075,0.9514922,1.03334,1.096737,1.151546,1.184373,1.197596,1.186606,1.15823,1.109731,1.067819,1.036764,0.9978878,0.9499323,0.8899047,0.8113663,0.727075,0.6305744,0.5304599,0.4341661,0.3415382,0.2515712,0.1521716,4.625638E-02,-6.110944E-02,-0.1665369,-0.2639806,-0.371325,-0.4707045,-0.5560452,-0.6097636,-0.651626,-0.6809316,-0.6973193,-0.6922991,-0.6776215,-0.6612386,-0.6308247,-0.5762132,-0.5114082,-0.4543933,NA,NA,NA
NA,NA,NA,2.42999,2.374666,2.187001,1.892306,1.53471,1.163469,0.8044822,0.4883637,0.217741,-0.0208842,-0.2349593,-0.4175667,-0.5526604,-0.6405985,-0.698759,-0.7366567,-0.7490762,-0.7315904,-0.6984659,-0.6526694,-0.5896389,-0.5260739,-0.4692557,-0.4194914,-0.3713044,-0.315951,-0.2603512,-0.2141881,-0.1687135,-0.1248719,-0.10109,-9.356191E-02,-9.727236E-02,-9.449022E-02,-7.524278E-02,-4.202779E-02,-5.091358E-03,3.133629E-02,6.668916E-02,8.224101E-02,9.043429E-02,9.362449E-02,9.640235E-02,8.945761E-02,7.011881E-02,4.900642E-02,3.599404E-02,2.230861E-02,1.286704E-02,1.546858E-02,2.171924E-02,3.022523E-02,3.921781E-02,4.638663E-02,5.686803E-02,7.112537E-02,8.266713E-02,0.0919425,0.119829,0.1593281,0.1970263,0.2291633,0.2592473,0.2991802,0.3557776,0.4193968,0.4987782,0.5890514,0.6723559,0.7676076,0.8752998,0.9630971,1.051783,1.15867,1.248255,1.321492,1.384679,1.434765,1.478308,1.511063,1.525329,1.508758,1.469351,1.414528,1.370027,1.33041,1.277707,1.218283,1.148455,1.064185,0.9707722,0.85708,0.7303927,0.6103852,0.4991072,0.395497,0.2836773,0.1667588,4.244283E-02,-8.679264E-02,-0.220368,-0.3578506,-0.4884236,-0.601495,-0.6765444,-0.7368953,-0.7843911,-0.8193682,-0.8346897,-0.8342257,-0.8300068,-0.8125469,-0.7659594,-0.7031981,-0.6530791,NA,NA,NA
NA,NA,NA,2.593688,2.534185,2.339048,2.028745,1.659739,1.280075,0.917302,0.5997589,0.3321128,0.1008227,-0.1074917,-0.2871116,-0.41725,-0.4992172,-0.5569012,-0.5965766,-0.6081042,-0.5856308,-0.5488444,-0.503141,-0.445604,-0.3864437,-0.3292851,-0.2720421,-0.2105509,-0.1472496,-8.207595E-02,-2.049001E-02,4.343548E-02,0.1008866,0.1320547,0.1400333,0.1370499,0.1412428,0.1650518,0.2032796,0.2422306,0.2820246,0.3220798,0.3516325,0.373894,0.3889241,0.4019689,0.4052797,0.3950995,0.3831108,0.3738473,0.3652243,0.3598818,0.3596474,0.3676872,0.3855768,0.4097495,0.4279519,0.4417421,0.4552337,0.4679129,0.4809513,0.5108404,0.5487259,0.5849429,0.6218601,0.6549584,0.6921546,0.7419451,0.7964188,0.8707163,0.9625947,1.049852,1.150057,1.254006,1.337001,1.428074,1.530259,1.606232,1.664903,1.71383,1.75495,1.790726,1.819879,1.831039,1.80801,1.76292,1.701417,1.647071,1.595671,1.529249,1.456363,1.375211,1.28486,1.183511,1.062045,0.9215066,0.7784068,0.6457697,0.5240641,0.3962349,0.264526,0.1261846,-2.123048E-02,-0.1857517,-0.3533832,-0.5149574,-0.6556648,-0.7555411,-0.8377202,-0.9060186,-0.9599196,-0.9910981,-1.004204,-1.011721,-1.004919,-0.9625521,-0.8977913,-0.8502826,NA,NA,NA
NA,NA,NA,2.729033,2.669473,2.467778,2.142003,1.757652,1.368857,1.001852,0.6823485,0.4157452,0.1891986,-1.238698E-02,-0.1871291,-0.316132,-0.3925898,-0.4444956,-0.4778415,-0.4841227,-0.457132,-0.4159395,-0.3668061,-0.3084327,-0.2500874,-0.1912446,-0.1254859,-5.129497E-02,0.0203638,9.806707E-02,0.1775696,0.2563524,0.3183208,0.3532386,0.3679964,0.3719392,0.3774761,0.4013269,0.4410819,0.4824364,0.5273947,0.5741233,0.6156811,0.6490278,0.6729344,0.6939014,0.7074081,0.7059438,0.7037894,0.7016355,0.7011436,0.705306,0.7082094,0.7211723,0.7438467,0.7770562,0.8027698,0.8199075,0.8330894,0.8476569,0.8641747,0.8997622,0.9401781,0.975871,1.015091,1.049214,1.085448,1.129928,1.173724,1.243259,1.342468,1.436544,1.538315,1.633801,1.705034,1.792298,1.881001,1.936942,1.985751,2.032095,2.070377,2.096911,2.111994,2.112688,2.081109,2.027909,1.955335,1.89229,1.833033,1.759101,1.672858,1.578462,1.475814,1.358947,1.229077,1.080516,0.9233298,0.7727587,0.6300874,0.4875684,0.3339167,0.1756056,1.146972E-02,-0.17553,-0.370224,-0.5583932,-0.7244555,-0.8541414,-0.9636608,-1.054305,-1.129279,-1.181015,-1.21412,-1.23049,-1.227524,-1.185406,-1.121568,-1.075477,NA,NA,NA
NA,NA,NA,2.854367,2.793771,2.585141,2.246355,1.845961,1.4458,1.073122,0.7509255,0.484769,0.2643281,7.194044E-02,-9.816157E-02,-0.2267483,-0.3014179,-0.34852,-0.3731387,-0.3705713,-0.3387635,-0.2913084,-0.233439,-0.1690766,-0.1047272,-3.911971E-02,3.785866E-02,0.1242282,0.2075867,0.2980368,0.390213,0.4723101,0.5334526,0.5724245,0.5980611,0.6134646,0.6226569,0.6491604,0.6912471,0.7340647,0.786722,0.8406853,0.8846709,0.9210662,0.9503514,0.9782466,1.001817,1.014995,1.026079,1.033061,1.039782,1.052236,1.064796,1.084914,1.107944,1.142064,1.171866,1.1908,1.205374,1.222632,1.241353,1.278091,1.31945,1.355725,1.398771,1.434307,1.470038,1.513383,1.553817,1.621171,1.72559,1.823957,1.922953,2.013131,2.073153,2.143605,2.20987,2.249222,2.291476,2.34309,2.386553,2.40202,2.397275,2.379497,2.335091,2.268303,2.186802,2.121437,2.051265,1.969844,1.873007,1.765524,1.646641,1.511779,1.368387,1.20889,1.043274,0.8741109,0.7127765,0.5537449,0.3772957,0.1952696,1.106288E-02,-0.1963503,-0.4135662,-0.6212107,-0.8072165,-0.9688613,-1.112577,-1.229864,-1.331383,-1.411188,-1.468771,-1.491773,-1.483669,-1.437834,-1.378699,-1.33832,NA,NA,NA
NA,NA,NA,2.973508,2.912634,2.703136,2.35386,1.934967,1.521085,1.140336,0.8137628,0.5478252,0.3330506,0.1498203,-1.379023E-02,-0.1398184,-0.2129339,-0.2551836,-0.2708746,-0.2587636,-0.2198934,-0.1660161,-9.921452E-02,-0.0276743,4.633166E-02,0.1226247,0.2143988,0.3153952,0.4151661,0.514487,0.6115318,0.6908442,0.7515833,0.7907202,0.8241802,0.8504649,0.8686331,0.9058126,0.9560024,1.0014,1.058925,1.117159,1.155714,1.190019,1.22319,1.258237,1.295866,1.32802,1.355044,1.374713,1.3853,1.401466,1.423278,1.450109,1.472813,1.503837,1.534307,1.555231,1.578692,1.603779,1.62453,1.655621,1.691378,1.728475,1.775345,1.810728,1.840806,1.882881,1.927227,1.996278,2.100019,2.197407,2.288228,2.374534,2.430124,2.486056,2.531468,2.559908,2.596216,2.645851,2.689154,2.695747,2.676239,2.639156,2.582072,2.507948,2.424947,2.352207,2.266512,2.173482,2.068635,1.946055,1.808573,1.656939,1.500366,1.325027,1.146573,0.9599032,0.7783996,0.5953842,0.3983792,0.1996182,-2.862521E-03,-0.2329436,-0.471426,-0.6946692,-0.9015169,-1.093433,-1.270281,-1.418754,-1.548455,-1.656373,-1.737043,-1.774268,-1.765893,-1.720854,-1.664383,-1.627442,NA,NA,NA
NA,NA,NA,3.086443,3.025354,2.813023,2.45501,2.021889,1.594482,1.204095,0.8715873,0.6045937,0.3911135,0.2095219,5.169895E-02,-6.615665E-02,-0.1343718,-0.1679538,-0.1714819,-0.1475571,-0.1001174,-3.808155E-02,3.719797E-02,0.1171192,0.2001579,0.2884766,0.3925753,0.5020102,0.6122884,0.7189183,0.8200775,0.9031411,0.9636801,1.005738,1.046332,1.083233,1.11296,1.161942,1.224101,1.277367,1.336792,1.390455,1.425097,1.461953,1.500927,1.53916,1.588786,1.639184,1.681543,1.71454,1.729144,1.746945,1.770963,1.801572,1.828738,1.859308,1.88961,1.913228,1.948122,1.982611,2.005943,2.030672,2.059758,2.096849,2.144933,2.176827,2.197838,2.238569,2.290965,2.364935,2.46553,2.556626,2.63015,2.706604,2.766374,2.822661,2.857648,2.879101,2.906698,2.940391,2.970456,2.969383,2.943969,2.893311,2.826331,2.742477,2.655395,2.568977,2.470462,2.36286,2.246723,2.115729,1.967492,1.798476,1.621868,1.434481,1.242018,1.037521,0.8306391,0.6189336,0.4031039,0.1962305,-2.359096E-02,-0.2779222,-0.5349399,-0.7763739,-1.007157,-1.228765,-1.432684,-1.609522,-1.764101,-1.89445,-1.996707,-2.053641,-2.056705,-2.014397,-1.953837,-1.911463,NA,NA,NA
NA,NA,NA,3.190918,3.131274,2.916013,2.550411,2.106094,1.665285,1.265208,0.9251881,0.650823,0.4291667,0.2436074,9.340274E-02,-1.541397E-02,-7.931915E-02,-0.102799,-0.0908621,-4.993761E-02,9.406884E-03,8.135754E-02,0.1653325,0.2522395,0.3419492,0.4381656,0.5453314,0.6577237,0.7717555,0.8824428,0.9887142,1.078477,1.144622,1.198942,1.254073,1.305711,1.351626,1.410555,1.480678,1.544,1.604906,1.654453,1.690645,1.732934,1.777666,1.817283,1.875387,1.937088,1.985437,2.02548,2.047647,2.073054,2.100688,2.135252,2.167133,2.197458,2.22661,2.253723,2.294312,2.330679,2.358475,2.38807,2.41732,2.450119,2.493521,2.52291,2.541652,2.583989,2.641989,2.715781,2.810579,2.893407,2.951402,3.01837,3.083354,3.141521,3.171565,3.1888,3.206957,3.221359,3.233333,3.222197,3.190157,3.129646,3.053821,2.958328,2.858061,2.755253,2.646269,2.527751,2.399913,2.261639,2.106633,1.92537,1.730479,1.527838,1.319333,1.094186,0.8623566,0.628316,0.3963472,0.1777987,-6.381513E-02,-0.3352648,-0.6050944,-0.8697842,-1.129423,-1.379489,-1.605024,-1.802485,-1.976218,-2.124094,-2.242762,-2.314833,-2.334493,-2.302487,-2.241726,-2.1935,NA,NA,NA
NA,NA,NA,3.276642,3.21538,2.998801,2.622071,2.16778,1.716336,1.310177,0.9625732,0.6732515,0.4331582,0.2424029,9.828501E-02,-9.165077E-04,-0.05703,-7.016458E-02,-0.0433258,1.309635E-02,8.433811E-02,0.1687351,0.2618887,0.352845,0.4458946,0.5447176,0.6511323,0.7647506,0.8802058,0.9945344,1.10378,1.195589,1.271563,1.348823,1.423824,1.490381,1.555803,1.625324,1.699737,1.769682,1.834801,1.88546,1.92965,1.977183,2.025124,2.069713,2.131286,2.191801,2.240051,2.288134,2.32458,2.361218,2.398019,2.437277,2.469499,2.49723,2.526226,2.558066,2.595781,2.626627,2.660143,2.70515,2.739593,2.764696,2.79869,2.828004,2.853594,2.901511,2.957644,3.024369,3.110973,3.186753,3.240001,3.301194,3.360105,3.408089,3.434978,3.450157,3.45919,3.460857,3.460279,3.440194,3.397271,3.325423,3.2418,3.138556,3.024258,2.906648,2.788169,2.658788,2.519173,2.371151,2.206985,2.014742,1.804715,1.587087,1.361932,1.117874,0.8674026,0.6185076,0.3674866,0.1239301,-0.139659,-0.4203589,-0.7001236,-0.991118,-1.2773,-1.549163,-1.796426,-2.010991,-2.201428,-2.35895,-2.483821,-2.561415,-2.589816,-2.570143,-2.52177,-2.480569,NA,NA,NA
NA,NA,NA,3.31353,3.249755,3.033152,2.646586,2.173941,1.708541,1.298942,0.9379256,0.6304355,0.3810457,0.1913918,5.017364E-02,-4.289931E-02,-8.586194E-02,-8.693092E-02,-4.926175E-02,1.893144E-02,0.1023788,0.1968595,0.2969865,0.3894186,0.4851392,0.5844471,0.6892048,0.8070653,0.9291528,1.046095,1.156983,1.25497,1.348859,1.442752,1.529246,1.608712,1.692308,1.77169,1.84922,1.928657,2.002527,2.062314,2.114303,2.167731,2.219463,2.270891,2.330549,2.386337,2.439647,2.498348,2.550509,2.599002,2.646768,2.687582,2.717068,2.744585,2.773546,2.808814,2.842588,2.866358,2.904869,2.962678,3.001643,3.020038,3.047165,3.07715,3.10979,3.161648,3.215478,3.277347,3.356831,3.427966,3.481779,3.532653,3.573627,3.605869,3.630042,3.643766,3.644122,3.63657,3.626932,3.603864,3.552074,3.470086,3.379046,3.27411,3.152122,3.019922,2.890172,2.751126,2.606616,2.447514,2.267662,2.063352,1.842334,1.607883,1.369041,1.112353,0.8478723,0.5861115,0.3147736,4.187228E-02,-0.2413523,-0.5338951,-0.8299345,-1.143409,-1.449067,-1.737305,-2.006676,-2.238032,-2.438064,-2.598503,-2.722933,-2.803507,-2.835265,-2.825369,-2.79353,-2.766227,NA,NA,NA
NA,NA,NA,3.289567,3.221882,2.998898,2.596951,2.103154,1.620679,1.201578,0.8298591,0.5144554,0.2656228,7.659063E-02,-6.656916E-02,-0.1571687,-0.1924579,-0.1813748,-0.1332968,-5.280159E-02,4.328458E-02,0.1503922,0.2576451,0.3537606,0.4522983,0.555915,0.6635597,0.7847438,0.9113787,1.035785,1.151681,1.262126,1.375374,1.48209,1.576575,1.667582,1.759338,1.849994,1.935213,2.028424,2.112129,2.18122,2.242877,2.30294,2.360163,2.415643,2.474202,2.533484,2.596884,2.661941,2.724277,2.781737,2.835851,2.881486,2.914517,2.943936,2.974643,3.00991,3.042184,3.064889,3.105809,3.165851,3.203483,3.219798,3.248142,3.283742,3.322427,3.375924,3.42752,3.487323,3.559569,3.62424,3.675705,3.718135,3.746338,3.76766,3.786266,3.795703,3.789825,3.776355,3.754018,3.722044,3.665105,3.578884,3.474562,3.365605,3.238954,3.097877,2.95283,2.799923,2.649528,2.483583,2.290292,2.075457,1.845479,1.597772,1.344566,1.075133,0.8039402,0.5325969,0.242571,-5.639632E-02,-0.3591483,-0.6724381,-0.9928517,-1.323259,-1.64295,-1.944832,-2.230085,-2.474452,-2.677871,-2.839777,-2.964673,-3.050504,-3.087151,-3.078613,-3.051684,-3.030664,NA,NA,NA
NA,NA,NA,3.218314,3.154018,2.922097,2.503263,1.990726,1.48769,1.049171,0.6708881,0.361251,0.1191787,-7.622014E-02,-0.2264743,-0.318727,-0.3537587,-0.3362046,-0.2808999,-0.1912391,-8.286308E-02,3.686554E-02,0.1556374,0.2617322,0.3638712,0.475136,0.5886348,0.7114692,0.8464645,0.9820043,1.107135,1.232656,1.36082,1.4778,1.583648,1.689,1.786295,1.886599,1.985708,2.095708,2.189443,2.2633,2.330621,2.396912,2.459594,2.522489,2.588915,2.658385,2.725032,2.791725,2.858217,2.920388,2.979308,3.031934,3.071749,3.106224,3.136181,3.165968,3.198794,3.226875,3.270136,3.32252,3.356721,3.378248,3.410286,3.454845,3.503326,3.559218,3.608203,3.662019,3.723972,3.782391,3.833778,3.877662,3.905657,3.919769,3.928453,3.929682,3.917977,3.89566,3.857388,3.80801,3.743078,3.651746,3.539268,3.42082,3.282542,3.135591,2.979607,2.811207,2.650906,2.476718,2.274252,2.053333,1.816148,1.55743,1.294294,1.014021,0.7344537,0.4514368,0.1457372,-0.1720187,-0.4963936,-0.830082,-1.177117,-1.523693,-1.856933,-2.170006,-2.462846,-2.711034,-2.913958,-3.07586,-3.199811,-3.287699,-3.330125,-3.325205,-3.300364,-3.280368,NA,NA,NA
NA,NA,NA,3.144901,3.077658,2.828754,2.389826,1.864136,1.341773,0.881315,0.4992357,0.1936528,-5.232397E-02,-0.2543305,-0.4079227,-0.4964019,-0.5314537,-0.5136309,-0.4584684,-0.3674799,-0.2532507,-0.1257419,5.00459E-03,0.1253976,0.2353673,0.3566347,0.4824623,0.6106533,0.7497246,0.8952739,1.036177,1.175964,1.313138,1.439247,1.556544,1.669898,1.780481,1.893075,2.008796,2.12857,2.234853,2.317473,2.389177,2.46155,2.53353,2.610238,2.6898,2.764355,2.830917,2.899945,2.970249,3.035749,3.096101,3.152452,3.195454,3.231502,3.263541,3.291416,3.323335,3.360003,3.405471,3.448369,3.480395,3.510393,3.545289,3.595793,3.652267,3.708824,3.757594,3.807338,3.859626,3.912577,3.963436,4.00853,4.035959,4.044266,4.044511,4.037372,4.019115,3.987987,3.937143,3.869847,3.792922,3.691666,3.573852,3.443643,3.288302,3.131203,2.970452,2.795816,2.622645,2.435079,2.222675,1.995062,1.752453,1.487013,1.221148,0.937183,0.6439229,0.3402072,1.497596E-02,-0.3162618,-0.6585503,-1.009813,-1.377479,-1.739095,-2.082631,-2.402685,-2.696998,-2.938706,-3.138076,-3.295376,-3.411938,-3.498583,-3.547204,-3.553628,-3.539054,-3.523665,NA,NA,NA
NA,NA,NA,3.060229,2.98502,2.718229,2.263348,1.72243,1.181563,0.7024031,0.3114438,2.661188E-03,-0.2498402,-0.4560694,-0.6130727,-0.6966073,-0.7285105,-0.7134988,-0.6664235,-0.5784093,-0.4625544,-0.3299004,-0.1904124,-5.830477E-02,6.555074E-02,0.198073,0.3354432,0.4702833,0.6175903,0.7725642,0.9272864,1.078419,1.224253,1.361395,1.492081,1.614981,1.738865,1.864349,1.991976,2.122463,2.244592,2.340899,2.42226,2.504458,2.588162,2.678036,2.766619,2.84308,2.912413,2.988346,3.063333,3.13008,3.188461,3.240474,3.282289,3.32058,3.355502,3.386278,3.419945,3.462906,3.509345,3.548849,3.582378,3.618006,3.654099,3.701448,3.757162,3.814414,3.869485,3.921482,3.96998,4.01842,4.062298,4.096941,4.117006,4.120552,4.113943,4.098566,4.072624,4.035244,3.980127,3.906017,3.815006,3.700082,3.57326,3.429669,3.262271,3.09213,2.923861,2.746049,2.560538,2.358485,2.140083,1.906194,1.660166,1.394619,1.124556,0.8357832,0.5282606,0.1997076,-0.1427454,-0.4832329,-0.8347808,-1.19984,-1.579483,-1.952033,-2.301479,-2.62429,-2.91821,-3.154388,-3.349631,-3.501024,-3.611723,-3.697867,-3.749257,-3.765922,-3.761097,-3.751966,NA,NA,NA
NA,NA,NA,2.945323,2.859303,2.574883,2.10348,1.54056,0.9811388,0.4871612,8.370242E-02,-0.2343386,-0.4932273,-0.7020074,-0.8646194,-0.9529563,-0.9849407,-0.972398,-0.9303841,-0.8435892,-0.7229227,-0.5823719,-0.4386792,-0.3024775,-0.1682911,-2.436262E-02,0.1251348,0.2697032,0.4219147,0.5826984,0.7450269,0.9083258,1.07043,1.221634,1.365154,1.500601,1.640663,1.785755,1.926096,2.066514,2.202864,2.317716,2.412909,2.507586,2.605791,2.70654,2.80224,2.883651,2.959956,3.040639,3.115018,3.179469,3.233801,3.283837,3.326571,3.366314,3.404,3.439609,3.475958,3.520385,3.566723,3.607458,3.642705,3.6815,3.719434,3.762233,3.815184,3.874048,3.933227,3.987776,4.037101,4.080025,4.113544,4.136261,4.15106,4.151552,4.138825,4.116161,4.083462,4.041849,3.982723,3.899313,3.793165,3.666712,3.528428,3.371934,3.198535,3.015409,2.83906,2.656144,2.460379,2.251322,2.03268,1.796688,1.548682,1.280163,0.9983304,0.7020259,0.3830115,3.919431E-02,-0.3137984,-0.6625824,-1.021884,-1.396326,-1.780934,-2.157804,-2.508967,-2.831718,-3.123389,-3.35918,-3.550389,-3.700417,-3.815437,-3.905394,-3.960333,-3.979672,-3.976896,-3.96721,NA,NA,NA
NA,NA,NA,2.772478,2.679675,2.375553,1.889019,1.302943,0.7269099,0.2201636,-0.1973029,-0.5309275,-0.7987021,-1.011649,-1.18429,-1.288645,-1.324916,-1.311226,-1.265759,-1.178975,-1.05713,-0.9136888,-0.7681219,-0.6332136,-0.4914153,-0.3364325,-0.1798108,-2.502794E-02,0.1400175,0.3057624,0.4703918,0.6431624,0.8209279,0.9898108,1.149726,1.303689,1.460545,1.623915,1.781494,1.935961,2.081896,2.21264,2.329132,2.44391,2.559488,2.670514,2.772735,2.859426,2.94308,3.025842,3.096403,3.156464,3.210176,3.261603,3.307257,3.351313,3.390244,3.426576,3.465492,3.511444,3.557759,3.598476,3.634917,3.677132,3.720857,3.762856,3.812113,3.870558,3.931295,3.987724,4.03857,4.079803,4.110474,4.128017,4.137496,4.133937,4.117553,4.087213,4.046632,3.994085,3.924404,3.830036,3.713577,3.576467,3.424517,3.254185,3.074056,2.887141,2.704065,2.512893,2.310929,2.10138,1.879819,1.639835,1.389299,1.116478,0.8266724,0.523111,0.1944247,-0.154478,-0.5076438,-0.8651593,-1.233532,-1.612649,-1.996317,-2.372312,-2.721262,-3.039156,-3.325727,-3.556959,-3.740782,-3.89253,-4.016831,-4.113698,-4.173216,-4.195633,-4.192963,-4.181156,NA,NA,NA
NA,NA,NA,2.534766,2.435401,2.117108,1.612253,1.003276,0.4122043,-0.1038388,-0.5360112,-0.8876098,-1.1664,-1.388019,-1.571498,-1.688658,-1.730172,-1.717294,-1.67065,-1.586369,-1.471888,-1.335223,-1.187933,-1.051466,-0.9070159,-0.7416379,-0.577717,-0.4145734,-0.2420122,-6.949892E-02,0.1047945,0.2876094,0.4796362,0.6654903,0.8429518,1.016494,1.189588,1.367082,1.544085,1.714962,1.875217,2.023545,2.163108,2.301395,2.433589,2.552033,2.658532,2.753922,2.844498,2.927861,2.998463,3.059552,3.118461,3.17225,3.218961,3.264529,3.3069,3.344012,3.385786,3.429556,3.473836,3.513785,3.554009,3.59751,3.647856,3.694956,3.741711,3.799287,3.860461,3.919062,3.973424,4.015022,4.045355,4.064268,4.071362,4.064111,4.042803,4.003728,3.94945,3.881584,3.798642,3.691076,3.567108,3.425339,3.261364,3.081596,2.895507,2.706192,2.514413,2.318569,2.11571,1.90723,1.681564,1.441656,1.191007,0.9125326,0.6198249,0.3151113,-1.751807E-02,-0.3671918,-0.7203857,-1.084426,-1.462171,-1.840106,-2.214018,-2.581823,-2.920255,-3.229459,-3.505435,-3.728137,-3.906478,-4.056399,-4.185662,-4.290926,-4.359136,-4.385629,-4.384169,-4.372139,NA,NA,NA
NA,NA,NA,2.212997,2.109232,1.784347,1.273461,0.6463311,3.307627E-02,-0.494971,-0.9407836,-1.307913,-1.597416,-1.832184,-2.024379,-2.146552,-2.197237,-2.196436,-2.158295,-2.081213,-1.977875,-1.854628,-1.708293,-1.564458,-1.415319,-1.242787,-1.070984,-0.9034999,-0.7203789,-0.5335033,-0.3479765,-0.1590724,3.813775E-02,0.2357668,0.4323606,0.628108,0.8213521,1.017973,1.215585,1.406274,1.584698,1.752584,1.914549,2.074181,2.224398,2.357112,2.470058,2.56928,2.665152,2.753468,2.824957,2.891985,2.959473,3.015083,3.058392,3.101956,3.146837,3.186276,3.230783,3.273255,3.316887,3.35986,3.4042,3.448701,3.502748,3.555642,3.609305,3.668041,3.722873,3.779646,3.837232,3.881035,3.916787,3.942768,3.955156,3.946717,3.919717,3.870164,3.798309,3.715013,3.620888,3.503208,3.374227,3.228877,3.058665,2.873836,2.68507,2.496768,2.303032,2.106787,1.905645,1.692425,1.463675,1.224245,0.971799,0.6909629,0.3996335,9.624799E-02,-0.2323092,-0.5768207,-0.9281676,-1.300706,-1.682588,-2.051149,-2.409039,-2.756174,-3.070817,-3.360848,-3.623664,-3.840177,-4.017898,-4.167505,-4.296821,-4.406226,-4.476915,-4.504181,-4.502076,-4.490225,NA,NA,NA
NA,NA,NA,1.821957,1.717146,1.392284,0.8788528,0.2407315,-0.3955603,-0.9353555,-1.388851,-1.768634,-2.072924,-2.324119,-2.52424,-2.654277,-2.718699,-2.736626,-2.710987,-2.644027,-2.553726,-2.446824,-2.305069,-2.15544,-2.008914,-1.83489,-1.652682,-1.476591,-1.283294,-1.082843,-0.8881969,-0.6939362,-0.4913466,-0.2834027,-6.904352E-02,0.1484345,0.3667389,0.5904229,0.8121602,1.026701,1.229491,1.420096,1.601737,1.775885,1.941365,2.09111,2.215206,2.323458,2.42597,2.517711,2.594837,2.670656,2.742993,2.802952,2.845837,2.883731,2.930683,2.976358,3.023124,3.067944,3.113821,3.163897,3.213377,3.26122,3.311978,3.368913,3.433789,3.497076,3.548445,3.604585,3.666172,3.713704,3.754123,3.78621,3.804643,3.795774,3.761477,3.700373,3.616825,3.526892,3.424801,3.297643,3.158825,3.011329,2.842429,2.656593,2.467085,2.278358,2.088077,1.894254,1.693991,1.480761,1.256856,1.021801,0.7702248,0.4961447,0.2100532,-9.509087E-02,-0.4190671,-0.7563648,-1.09768,-1.454066,-1.819461,-2.173781,-2.512339,-2.833475,-3.121469,-3.394481,-3.64621,-3.859139,-4.039146,-4.191506,-4.322149,-4.431859,-4.508247,-4.539418,-4.534151,-4.512295,NA,NA,NA
NA,NA,NA,1.415431,1.316392,0.9974648,0.4823767,-0.160131,-0.8072913,-1.364748,-1.829708,-2.220555,-2.541821,-2.809666,-3.019575,-3.166832,-3.255689,-3.291169,-3.278219,-3.230897,-3.16088,-3.067602,-2.936067,-2.793153,-2.650084,-2.474962,-2.285224,-2.096275,-1.890136,-1.679111,-1.475787,-1.271507,-1.059912,-0.8402232,-0.6120586,-0.3786223,-0.1406325,0.1057658,0.353847,0.5941246,0.8204353,1.032878,1.235184,1.424821,1.606373,1.774847,1.920087,2.045383,2.155389,2.253066,2.339172,2.417907,2.48599,2.545656,2.591461,2.629897,2.678045,2.726563,2.775835,2.828307,2.880482,2.939811,2.996127,3.048196,3.09712,3.159302,3.2333,3.304311,3.365453,3.429543,3.496684,3.550104,3.592227,3.622461,3.636753,3.622723,3.582308,3.514038,3.427001,3.334099,3.225769,3.095095,2.951233,2.801658,2.634572,2.447958,2.258724,2.074841,1.89255,1.701573,1.508435,1.303333,1.085843,0.8533958,0.6050419,0.3389685,5.841576E-02,-0.2407325,-0.5512326,-0.8709264,-1.194784,-1.521924,-1.854504,-2.186818,-2.500367,-2.797412,-3.065871,-3.323539,-3.564901,-3.780426,-3.963582,-4.120528,-4.250489,-4.358668,-4.439154,-4.473588,-4.461442,-4.424344,NA,NA,NA
NA,NA,NA,1.076009,0.9835719,0.6713128,0.1505161,-0.4982444,-1.150456,-1.719836,-2.198764,-2.600901,-2.936059,-3.211637,-3.43082,-3.59762,-3.707182,-3.760144,-3.764254,-3.740968,-3.689038,-3.602427,-3.485602,-3.353429,-3.207322,-3.032893,-2.845481,-2.650488,-2.440159,-2.222495,-2.007383,-1.790963,-1.567218,-1.334406,-1.092384,-0.8487543,-0.6015567,-0.3418654,-7.336268E-02,0.1903608,0.4364066,0.6664105,0.88886,1.098121,1.294464,1.477632,1.642133,1.785647,1.904032,2.00611,2.101527,2.18632,2.252535,2.305146,2.349684,2.394375,2.447472,2.495533,2.543871,2.601564,2.66142,2.728917,2.792024,2.847597,2.90027,2.967089,3.043256,3.120291,3.195683,3.27479,3.352291,3.415299,3.459545,3.485054,3.489781,3.466727,3.418154,3.346486,3.259464,3.161496,3.047214,2.914495,2.769776,2.61863,2.45112,2.262341,2.075125,1.897788,1.725279,1.543966,1.359086,1.162696,0.9469433,0.7186537,0.478928,0.2211466,-5.553959E-02,-0.3398504,-0.6272592,-0.9241971,-1.228114,-1.524568,-1.822716,-2.130517,-2.425033,-2.707093,-2.969413,-3.218644,-3.450664,-3.665642,-3.849899,-4.009084,-4.14088,-4.249836,-4.333805,-4.371259,-4.353181,-4.305784,NA,NA,NA
NA,NA,NA,0.8629705,0.7726983,0.4653227,-6.576419E-02,-0.7210784,-1.37741,-1.954101,-2.449745,-2.863178,-3.198925,-3.47161,-3.688538,-3.859549,-3.985242,-4.058239,-4.084191,-4.074891,-4.025983,-3.938604,-3.832731,-3.707226,-3.555812,-3.381095,-3.19969,-3.008561,-2.802743,-2.579412,-2.350301,-2.123412,-1.894566,-1.654661,-1.404891,-1.158409,-0.9140216,-0.6529595,-0.3724646,-9.244676E-02,0.1637956,0.4051051,0.6430851,0.8691488,1.077447,1.272271,1.448791,1.602342,1.729007,1.839849,1.94076,2.02789,2.092684,2.134906,2.174473,2.226563,2.28363,2.330534,2.379534,2.441497,2.507231,2.577319,2.643405,2.702532,2.762035,2.830923,2.905863,2.985779,3.068116,3.155237,3.241261,3.311519,3.356876,3.378988,3.378922,3.353744,3.301688,3.227165,3.137511,3.036884,2.920506,2.788588,2.644608,2.493409,2.320407,2.129777,1.948828,1.782946,1.617428,1.440582,1.257579,1.064171,0.8522159,0.6285463,0.3933428,0.1402522,-0.1284774,-0.3987243,-0.6701059,-0.9492516,-1.23921,-1.520033,-1.792696,-2.073956,-2.354539,-2.632896,-2.899112,-3.139962,-3.363603,-3.574614,-3.761792,-3.924668,-4.059915,-4.17048,-4.25508,-4.291497,-4.272831,-4.225286,NA,NA,NA
NA,NA,NA,0.7938787,0.7075333,0.4004467,-0.130019,-0.7881408,-1.452817,-2.030953,-2.528601,-2.949976,-3.289468,-3.557548,-3.771775,-3.945059,-4.071361,-4.150056,-4.184744,-4.180833,-4.129816,-4.041501,-3.940485,-3.814743,-3.66018,-3.487997,-3.311609,-3.124584,-2.923698,-2.699316,-2.4657,-2.237012,-2.006717,-1.762111,-1.504827,-1.253898,-1.007771,-0.7452451,-0.4624239,-0.1779459,8.172029E-02,0.3274471,0.5682784,0.7979889,1.011481,1.210832,1.38569,1.536908,1.665902,1.777975,1.881739,1.975184,2.047176,2.085878,2.121747,2.174958,2.234552,2.281613,2.328931,2.390523,2.458672,2.530318,2.597733,2.656165,2.715166,2.783463,2.858365,2.938385,3.018351,3.104899,3.196799,3.275578,3.32653,3.349865,3.350065,3.322422,3.263312,3.182628,3.093312,2.995359,2.879188,2.744963,2.598956,2.448367,2.276921,2.086776,1.9064,1.7427,1.579698,1.404604,1.223926,1.030491,0.8206007,0.6024199,0.3739508,0.1235159,-0.1450078,-0.4129499,-0.6801106,-0.9543748,-1.240091,-1.519365,-1.785972,-2.057191,-2.329828,-2.605753,-2.874868,-3.117261,-3.338924,-3.546732,-3.73318,-3.899914,-4.036462,-4.148625,-4.234971,-4.273681,-4.256411,-4.211639,NA,NA,NA
NA,NA,NA,NA,NA,NA,NA,NA,NA,NA,NA,NA,NA,NA,NA,NA,NA,NA,NA,NA,NA,NA,NA,NA,NA,NA,NA,NA,NA,NA,NA,NA,NA,NA,NA,NA,NA,NA,NA,NA,NA,NA,NA,NA,NA,NA,NA,NA,NA,NA,NA,NA,NA,NA,NA,NA,NA,NA,NA,NA,NA,NA,NA,NA,NA,NA,NA,NA,NA,NA,NA,NA,NA,NA,NA,NA,NA,NA,NA,NA,NA,NA,NA,NA,NA,NA,NA,NA,NA,NA,NA,NA,NA,NA,NA,NA,NA,NA,NA,NA,NA,NA,NA,NA,NA,NA,NA,NA,NA,NA,NA,NA,NA,NA,NA,NA,NA,NA,NA,NA,NA
NA,NA,NA,NA,NA,NA,NA,NA,NA,NA,NA,NA,NA,NA,NA,NA,NA,NA,NA,NA,NA,NA,NA,NA,NA,NA,NA,NA,NA,NA,NA,NA,NA,NA,NA,NA,NA,NA,NA,NA,NA,NA,NA,NA,NA,NA,NA,NA,NA,NA,NA,NA,NA,NA,NA,NA,NA,NA,NA,NA,NA,NA,NA,NA,NA,NA,NA,NA,NA,NA,NA,NA,NA,NA,NA,NA,NA,NA,NA,NA,NA,NA,NA,NA,NA,NA,NA,NA,NA,NA,NA,NA,NA,NA,NA,NA,NA,NA,NA,NA,NA,NA,NA,NA,NA,NA,NA,NA,NA,NA,NA,NA,NA,NA,NA,NA,NA,NA,NA,NA,NA
NA,NA,NA,NA,NA,NA,NA,NA,NA,NA,NA,NA,NA,NA,NA,NA,NA,NA,NA,NA,NA,NA,NA,NA,NA,NA,NA,NA,NA,NA,NA,NA,NA,NA,NA,NA,NA,NA,NA,NA,NA,NA,NA,NA,NA,NA,NA,NA,NA,NA,NA,NA,NA,NA,NA,NA,NA,NA,NA,NA,NA,NA,NA,NA,NA,NA,NA,NA,NA,NA,NA,NA,NA,NA,NA,NA,NA,NA,NA,NA,NA,NA,NA,NA,NA,NA,NA,NA,NA,NA,NA,NA,NA,NA,NA,NA,NA,NA,NA,NA,NA,NA,NA,NA,NA,NA,NA,NA,NA,NA,NA,NA,NA,NA,NA,NA,NA,NA,NA,NA,NA
