C:\0HQ\202306\20230611\85120Çx25Å|ÇkÇb\F-SQP305098-P12-01_B.csv
MesAreaX (mm),1200,,à⁄ìÆïΩãœ,3,,Max,6.57,,,,,,,,,,,,,,,,,,,,,,,,,,,,,,,,,,,,,,,,,,,,,,,,,,,,,,,,,,,,,,,,,,,,,,,,,
MesAreaY (mm),850,,ÉÅÉfÉBÉAÉì,3,,Min,-6.12,,,,,,,,,,,,,,,,,,,,,,,,,,,,,,,,,,,,,,,,,,,,,,,,,,,,,,,,,,,,,,,,,,,,,,,,,,
Pitch  X (mm),10,,ïiéÌ,85120Çx25Å|ÇkÇb,,P-V,12.69,,,,,,,,,,,,,,,,,,,,,,,,,,,,,,,,,,,,,,,,,,,,,,,,,,,,,,,,,,,,,,,,,,,,,,,,,,,
Pitch  Y (mm),10,,ï‚ê≥,85120FC,,,,,,,,,,,,,,,,,,,,,,,,,,,,,,,,,,,,,,,,,,,,,,,,,,,,,,,,,,,,,,,,,,,,,,,,,,,,,
NA,NA,NA,NA,NA,NA,NA,NA,NA,NA,NA,NA,NA,NA,NA,NA,NA,NA,NA,NA,NA,NA,NA,NA,NA,NA,NA,NA,NA,NA,NA,NA,NA,NA,NA,NA,NA,NA,NA,NA,NA,NA,NA,NA,NA,NA,NA,NA,NA,NA,NA,NA,NA,NA,NA,NA,NA,NA,NA,NA,NA,NA,NA,NA,NA,NA,NA,NA,NA,NA,NA,NA,NA,NA,NA,NA,NA,NA,NA,NA,NA,NA,NA,NA,NA,NA,NA,NA,NA,NA,NA,NA,NA,NA,NA,NA,NA,NA,NA,NA,NA,NA,NA,NA,NA,NA,NA,NA,NA,NA,NA,NA,NA,NA,NA,NA,NA,NA,NA,NA,NA
NA,NA,NA,NA,NA,NA,NA,NA,NA,NA,NA,NA,NA,NA,NA,NA,NA,NA,NA,NA,NA,NA,NA,NA,NA,NA,NA,NA,NA,NA,NA,NA,NA,NA,NA,NA,NA,NA,NA,NA,NA,NA,NA,NA,NA,NA,NA,NA,NA,NA,NA,NA,NA,NA,NA,NA,NA,NA,NA,NA,NA,NA,NA,NA,NA,NA,NA,NA,NA,NA,NA,NA,NA,NA,NA,NA,NA,NA,NA,NA,NA,NA,NA,NA,NA,NA,NA,NA,NA,NA,NA,NA,NA,NA,NA,NA,NA,NA,NA,NA,NA,NA,NA,NA,NA,NA,NA,NA,NA,NA,NA,NA,NA,NA,NA,NA,NA,NA,NA,NA,NA
NA,NA,NA,NA,NA,NA,NA,NA,NA,NA,NA,NA,NA,NA,NA,NA,NA,NA,NA,NA,NA,NA,NA,NA,NA,NA,NA,NA,NA,NA,NA,NA,NA,NA,NA,NA,NA,NA,NA,NA,NA,NA,NA,NA,NA,NA,NA,NA,NA,NA,NA,NA,NA,NA,NA,NA,NA,NA,NA,NA,NA,NA,NA,NA,NA,NA,NA,NA,NA,NA,NA,NA,NA,NA,NA,NA,NA,NA,NA,NA,NA,NA,NA,NA,NA,NA,NA,NA,NA,NA,NA,NA,NA,NA,NA,NA,NA,NA,NA,NA,NA,NA,NA,NA,NA,NA,NA,NA,NA,NA,NA,NA,NA,NA,NA,NA,NA,NA,NA,NA,NA
NA,NA,NA,6.138348,6.076792,5.885174,5.601295,5.281976,4.956928,4.669955,4.431457,4.232257,4.066921,3.941128,3.850402,3.782133,3.731313,3.72204,3.746925,3.782349,3.835155,3.892903,3.94979,4.028312,4.119744,4.223427,4.337875,4.451383,4.557999,4.619441,4.646884,4.645683,4.639183,4.630946,4.627676,4.634935,4.667935,4.717663,4.785949,4.852189,4.915434,4.957622,4.989759,5.030549,5.067295,5.086102,5.081708,5.059905,5.017547,4.949492,4.866871,4.771329,4.676982,4.599894,4.544734,4.501989,4.459965,4.410647,4.349103,4.256956,4.125288,3.970942,3.797489,3.61367,3.435629,3.238702,3.03717,2.825032,2.579785,2.345466,2.129128,1.905279,1.682312,1.463169,1.253498,1.057893,0.845257,0.6054513,0.3608897,0.1175268,-0.1276186,-0.3830633,-0.6519514,-0.9287587,-1.20035,-1.476418,-1.754882,-2.016236,-2.256747,-2.499422,-2.752412,-3.041553,-3.365921,-3.700247,-4.039224,-4.37832,-4.696541,-4.98017,-5.246253,-5.494313,-5.715304,-5.901271,-6.047307,-6.117394,-6.10752,-6.024217,-5.861627,-5.590971,-5.205178,-4.677374,-3.986551,-3.105442,-1.986721,-0.5788828,1.073613,2.710955,3.98854,4.681585,NA,NA,NA
NA,NA,NA,5.279864,5.225621,5.053533,4.781786,4.467621,4.149612,3.867575,3.628068,3.422658,3.2657,3.148854,3.068086,3.014323,2.983195,3.00785,3.063015,3.127485,3.21052,3.29047,3.371823,3.495269,3.609687,3.723469,3.850993,3.964017,4.079238,4.171453,4.226188,4.27359,4.308498,4.330165,4.344635,4.366793,4.410054,4.46471,4.534832,4.600929,4.668533,4.721818,4.76815,4.826638,4.878825,4.906665,4.911263,4.900431,4.867967,4.815514,4.744411,4.66349,4.579957,4.505948,4.452886,4.41713,4.386364,4.345776,4.285184,4.196573,4.073743,3.922131,3.753167,3.574094,3.393905,3.199844,3.005013,2.801115,2.571439,2.348697,2.135894,1.91378,1.682598,1.458332,1.251288,1.068143,0.8804034,0.6686291,0.4471826,0.2145971,-2.996263E-02,-0.2950338,-0.5757102,-0.8623308,-1.136188,-1.410356,-1.688432,-1.939837,-2.166605,-2.39154,-2.630961,-2.901617,-3.207105,-3.532499,-3.856603,-4.176716,-4.485559,-4.757646,-5.006217,-5.237991,-5.443511,-5.614553,-5.750437,-5.822496,-5.816877,-5.734938,-5.5712,-5.293321,-4.907186,-4.378721,-3.690053,-2.801948,-1.684713,-0.2804221,1.368876,2.994797,4.24606,4.919824,NA,NA,NA
NA,NA,NA,4.146702,4.100908,3.952044,3.698647,3.398135,3.093276,2.815738,2.572111,2.366159,2.227645,2.133978,2.070577,2.043858,2.046675,2.115446,2.216789,2.323172,2.445415,2.558652,2.672931,2.828909,2.964512,3.092064,3.233895,3.359397,3.492483,3.612019,3.701223,3.800532,3.88343,3.940632,3.983909,4.020884,4.075823,4.143754,4.215664,4.281295,4.351377,4.415673,4.480213,4.550511,4.617881,4.662313,4.676515,4.675997,4.654584,4.619258,4.561983,4.498728,4.429671,4.357664,4.30531,4.271966,4.241064,4.203971,4.150669,4.071461,3.961842,3.823281,3.663926,3.492778,3.311253,3.120904,2.927442,2.724825,2.512646,2.301087,2.094224,1.874882,1.639031,1.410545,1.212387,1.040405,0.8768802,0.6956482,0.4962726,0.2805129,4.262598E-02,-0.221728,-0.509926,-0.7976415,-1.07486,-1.347722,-1.623435,-1.867374,-2.08212,-2.294851,-2.513872,-2.767448,-3.052006,-3.357309,-3.663919,-3.966608,-4.252697,-4.50639,-4.740915,-4.948256,-5.12777,-5.275767,-5.388273,-5.446319,-5.436448,-5.355194,-5.189926,-4.910532,-4.523274,-3.98951,-3.288707,-2.384034,-1.263272,0.1327048,1.768619,3.380438,4.599589,5.256957,NA,NA,NA
NA,NA,NA,3.023169,2.979629,2.839138,2.5968,2.306904,2.0174,1.752819,1.516279,1.324199,1.203424,1.124231,1.072404,1.072463,1.111947,1.226544,1.377661,1.529552,1.694151,1.844294,1.988107,2.167114,2.319041,2.463835,2.620835,2.758086,2.903535,3.04117,3.161203,3.299591,3.41223,3.499171,3.575787,3.63335,3.700835,3.779279,3.850827,3.913541,3.979736,4.051273,4.130803,4.206548,4.283033,4.342014,4.371546,4.382264,4.371835,4.347324,4.300876,4.252449,4.198611,4.126718,4.065878,4.031065,3.993234,3.958262,3.918917,3.860321,3.764506,3.634108,3.481768,3.322695,3.148994,2.963779,2.771013,2.575253,2.374337,2.174245,1.972133,1.754345,1.519823,1.293718,1.099609,0.9321784,0.7809746,0.6246535,0.4500573,0.2548511,2.048993E-02,-0.2426672,-0.5189033,-0.7956839,-1.078054,-1.351896,-1.614037,-1.84494,-2.050977,-2.252944,-2.459881,-2.702907,-2.96644,-3.239762,-3.515182,-3.799114,-4.070056,-4.314236,-4.536382,-4.728999,-4.883136,-5.004662,-5.093233,-5.133134,-5.110234,-5.017352,-4.84051,-4.556015,-4.153821,-3.615689,-2.914146,-2.011749,-0.8833886,0.5001561,2.112105,3.704864,4.91232,5.564802,NA,NA,NA
NA,NA,NA,2.015038,1.972514,1.834153,1.599092,1.318299,1.040028,0.7932993,0.5735339,0.40278,0.2954575,0.2201082,0.1724783,0.1912993,0.2599811,0.4119467,0.6047839,0.8011476,1.002216,1.186648,1.36101,1.552845,1.719173,1.885111,2.054494,2.209646,2.372309,2.523494,2.666576,2.822893,2.949446,3.057033,3.158197,3.236619,3.312711,3.389074,3.45411,3.512243,3.572245,3.642939,3.728452,3.811504,3.895862,3.967187,4.014731,4.034199,4.030897,4.011122,3.970674,3.928389,3.883754,3.813476,3.749535,3.716076,3.676697,3.646417,3.620337,3.577004,3.493544,3.374761,3.228975,3.074632,2.909108,2.724863,2.532723,2.347647,2.159262,1.971774,1.775706,1.560388,1.335396,1.11705,0.9215504,0.7494851,0.6009496,0.4611649,0.303728,0.1228813,-0.1001254,-0.3466504,-0.6026429,-0.868337,-1.151151,-1.418666,-1.666518,-1.890395,-2.088709,-2.286148,-2.486049,-2.714416,-2.954177,-3.190754,-3.429842,-3.689159,-3.943034,-4.193294,-4.422357,-4.608889,-4.743383,-4.83753,-4.903074,-4.923289,-4.882698,-4.764493,-4.567625,-4.267727,-3.852023,-3.305035,-2.607874,-1.709936,-0.5840515,0.7796625,2.35974,3.926318,5.13606,5.792973,NA,NA,NA
NA,NA,NA,1.172903,1.137702,1.006815,0.7772214,0.5044239,0.2367099,8.068401E-03,-0.1974718,-0.3506776,-0.4528386,-0.5280464,-0.5709836,-0.542053,-0.4464289,-0.2711615,-5.209009E-02,0.1789945,0.4074262,0.6217945,0.8263605,1.027256,1.207332,1.385514,1.563265,1.737641,1.917918,2.087833,2.250324,2.412666,2.552327,2.674037,2.786014,2.880297,2.959872,3.024906,3.079299,3.134066,3.189943,3.256643,3.342989,3.438204,3.531854,3.61065,3.671437,3.696485,3.69848,3.682422,3.646853,3.603489,3.554779,3.488001,3.429082,3.398452,3.369313,3.346069,3.324695,3.282919,3.203782,3.096522,2.958911,2.810179,2.647928,2.467559,2.280446,2.10736,1.933154,1.756062,1.565465,1.352567,1.138363,0.9275305,0.7279313,0.5465958,0.3942963,0.25834,0.1145807,-0.0506076,-0.2531008,-0.4760863,-0.7089627,-0.9649942,-1.24132,-1.500523,-1.738638,-1.958606,-2.152743,-2.34754,-2.544067,-2.753284,-2.969646,-3.176421,-3.382169,-3.614245,-3.854292,-4.110093,-4.349172,-4.532989,-4.659395,-4.736505,-4.778071,-4.771654,-4.700423,-4.550146,-4.324982,-4.007919,-3.582163,-3.030739,-2.333034,-1.435467,-0.3143686,1.024113,2.568031,4.10139,5.305515,5.970494,NA,NA,NA
NA,NA,NA,0.5526032,0.5195331,0.3970544,0.1742809,-9.481478E-02,-0.354512,-0.5724412,-0.7612448,-0.9035235,-1.012599,-1.087056,-1.119999,-1.08395,-0.9717603,-0.7775345,-0.5384975,-0.2786093,-2.745151E-02,0.2140589,0.4450541,0.6511065,0.8333012,1.009603,1.187093,1.374567,1.569575,1.753483,1.932169,2.106202,2.264262,2.396893,2.512052,2.611507,2.690701,2.749355,2.799387,2.853848,2.908514,2.972292,3.056971,3.160642,3.260756,3.340802,3.403897,3.435143,3.444968,3.433771,3.402284,3.355431,3.296637,3.235133,3.182073,3.148204,3.12696,3.108373,3.086672,3.043211,2.96758,2.869449,2.739349,2.594192,2.435732,2.261289,2.084403,1.919078,1.752791,1.582979,1.393603,1.187443,0.9823647,0.7720522,0.5634865,0.3734379,0.2104342,6.973529E-02,-6.893229E-02,-0.2185776,-0.3945873,-0.5953169,-0.8095642,-1.049269,-1.311943,-1.567624,-1.805695,-2.021868,-2.209338,-2.399944,-2.586153,-2.774643,-2.969125,-3.153519,-3.33427,-3.549405,-3.783366,-4.038864,-4.275951,-4.455498,-4.577329,-4.647329,-4.664508,-4.622172,-4.510035,-4.325616,-4.069227,-3.735658,-3.304677,-2.751073,-2.047311,-1.14863,-3.765082E-02,1.275412,2.786114,4.287034,5.47564,6.140975,NA,NA,NA
NA,NA,NA,0.1368625,0.1023197,-1.413687E-02,-0.2330793,-0.5020891,-0.7611674,-0.9757341,-1.1531,-1.291957,-1.409539,-1.482688,-1.502209,-1.454686,-1.327881,-1.125929,-0.8744749,-0.5931166,-0.315924,-5.859835E-02,0.1782829,0.3918943,0.5732306,0.7427772,0.9196295,1.109386,1.310092,1.510481,1.705687,1.897902,2.075195,2.214995,2.333452,2.432679,2.513824,2.573924,2.623973,2.67728,2.732107,2.799034,2.886606,2.989987,3.089947,3.167738,3.222595,3.253719,3.267767,3.257916,3.228427,3.183813,3.123049,3.06769,3.017935,2.976893,2.952569,2.93239,2.909916,2.870036,2.798164,2.703489,2.578527,2.43819,2.286762,2.121589,1.951142,1.788425,1.617227,1.44617,1.260183,1.062596,0.8609792,0.6487323,0.4340121,0.2400476,7.151978E-02,-7.481916E-02,-0.2155629,-0.3567863,-0.5171345,-0.703895,-0.9054059,-1.131811,-1.382586,-1.632071,-1.861935,-2.065088,-2.24364,-2.427827,-2.602216,-2.774637,-2.952867,-3.119174,-3.2814,-3.483742,-3.711603,-3.95519,-4.178849,-4.350347,-4.464857,-4.526971,-4.523401,-4.452821,-4.307325,-4.092588,-3.809878,-3.465627,-3.028123,-2.465649,-1.752627,-0.8566245,0.2405891,1.534738,3.019926,4.493015,5.664291,6.325672,NA,NA,NA
NA,NA,NA,-0.1327564,-0.1643721,-0.2792892,-0.5012292,-0.7856871,-1.054782,-1.272607,-1.4466,-1.589453,-1.704919,-1.772669,-1.771998,-1.705493,-1.57334,-1.369777,-1.10803,-0.8146998,-0.5223367,-0.2616531,-0.0307056,0.1838051,0.3707233,0.540206,0.7169109,0.91779,1.130015,1.343411,1.548349,1.756448,1.941259,2.091551,2.214451,2.311694,2.396141,2.46305,2.514597,2.562742,2.614922,2.681264,2.767983,2.86781,2.963969,3.038952,3.087892,3.113393,3.123346,3.111562,3.083309,3.046741,2.995885,2.948883,2.905802,2.862684,2.830386,2.805183,2.780092,2.74032,2.671488,2.576883,2.450859,2.310636,2.165831,2.007579,1.83689,1.672525,1.502232,1.328211,1.143155,0.952014,0.7503646,0.5401562,0.3301452,0.1400374,-2.828923E-02,-0.1783389,-0.3201622,-0.4653997,-0.6259291,-0.8055789,-1.005246,-1.22844,-1.46955,-1.700322,-1.911253,-2.096346,-2.26264,-2.439749,-2.602867,-2.757735,-2.921152,-3.07816,-3.229228,-3.417523,-3.63179,-3.858534,-4.06454,-4.225152,-4.326802,-4.373356,-4.349737,-4.256795,-4.084375,-3.845987,-3.551684,-3.201546,-2.752781,-2.172297,-1.44761,-0.5554497,0.5264936,1.808401,3.276783,4.723905,5.874804,6.528355,NA,NA,NA
NA,NA,NA,-0.3052945,-0.3326494,-0.4524553,-0.6926327,-0.9897228,-1.268831,-1.499332,-1.686527,-1.834939,-1.948064,-2.003227,-1.977149,-1.885094,-1.74591,-1.543723,-1.279872,-0.9825178,-0.6831818,-0.4230342,-0.20544,3.098736E-03,0.1955421,0.3757007,0.5588867,0.7656237,0.990468,1.21459,1.422409,1.634535,1.825576,1.985472,2.116093,2.213974,2.298734,2.367854,2.419893,2.462009,2.509197,2.574816,2.660494,2.753974,2.842098,2.913764,2.959419,2.979698,2.983615,2.974395,2.955654,2.929795,2.889572,2.849721,2.812935,2.772216,2.739233,2.711339,2.678256,2.631079,2.559242,2.461126,2.333644,2.194696,2.052996,1.897603,1.726398,1.562955,1.393982,1.214959,1.030415,0.8419687,0.6432804,0.4354687,0.2365151,5.356265E-02,-0.1134345,-0.2687838,-0.4137189,-0.5676778,-0.7305561,-0.9085103,-1.113177,-1.334954,-1.562676,-1.770337,-1.959066,-2.126677,-2.281101,-2.448865,-2.600796,-2.74151,-2.894809,-3.050532,-3.198461,-3.373891,-3.569897,-3.774818,-3.959967,-4.102276,-4.184552,-4.208127,-4.162944,-4.05182,-3.86237,-3.61132,-3.313117,-2.951845,-2.4879,-1.885936,-1.144271,-0.2517962,0.8217632,2.097523,3.545608,4.962019,6.089686,6.726386,NA,NA,NA
NA,NA,NA,-0.4089318,-0.4369798,-0.5626739,-0.8123568,-1.124318,-1.422784,-1.671886,-1.870241,-2.030359,-2.144928,-2.186429,-2.143125,-2.031477,-1.882894,-1.672104,-1.40786,-1.118651,-0.8293675,-0.5687131,-0.3552788,-0.1579176,0.039133,0.2373375,0.4351429,0.6494254,0.881332,1.108575,1.312989,1.515528,1.705884,1.870457,2.005117,2.109598,2.197183,2.270293,2.322256,2.360738,2.404376,2.466217,2.548369,2.636788,2.717727,2.785286,2.82723,2.843404,2.847727,2.847472,2.84218,2.824338,2.788556,2.748622,2.710533,2.674498,2.645425,2.622608,2.585182,2.532001,2.450516,2.341333,2.212958,2.077647,1.935284,1.78128,1.614973,1.448288,1.274721,1.091634,0.9047807,0.7153124,0.5217038,0.3239266,0.1368672,-4.094774E-02,-0.2111149,-0.3727222,-0.5227643,-0.6783699,-0.8434924,-1.027209,-1.235423,-1.451344,-1.659227,-1.851443,-2.028398,-2.184802,-2.328151,-2.479946,-2.623615,-2.762043,-2.911928,-3.063815,-3.209389,-3.372412,-3.548351,-3.729148,-3.890636,-4.010228,-4.07082,-4.06856,-3.997953,-3.868421,-3.671285,-3.418635,-3.117882,-2.737904,-2.25466,-1.631681,-0.8731703,2.310579E-02,1.09811,2.369024,3.790354,5.172396,6.276378,6.892745,NA,NA,NA
NA,NA,NA,-0.4549257,-0.488495,-0.6238682,-0.8882844,-1.214821,-1.531764,-1.795779,-2.004627,-2.173255,-2.284803,-2.314131,-2.265846,-2.148556,-1.991484,-1.774152,-1.51706,-1.244758,-0.9760892,-0.7234265,-0.509329,-0.3102955,-0.1089024,0.1057626,0.3229128,0.5436555,0.7767604,1.006715,1.209394,1.399175,1.57703,1.73381,1.86565,1.977376,2.074689,2.155876,2.210605,2.248069,2.293455,2.352095,2.430986,2.511681,2.586096,2.647109,2.684752,2.695295,2.7005,2.705466,2.708933,2.695801,2.664399,2.622482,2.584103,2.551064,2.520468,2.497477,2.462004,2.404205,2.314281,2.201253,2.072621,1.936683,1.791087,1.638488,1.474696,1.30156,1.120558,0.9334918,0.7423359,0.5539523,0.3684042,0.181394,2.633426E-03,-0.1699411,-0.3433813,-0.5100078,-0.6649346,-0.8212849,-0.9911043,-1.183529,-1.390284,-1.595143,-1.790446,-1.975401,-2.142734,-2.286477,-2.417335,-2.55496,-2.696243,-2.838284,-2.985016,-3.129672,-3.269595,-3.420655,-3.577984,-3.733807,-3.870099,-3.967354,-4.005392,-3.975886,-3.879225,-3.7348,-3.537423,-3.282609,-2.976375,-2.583596,-2.079943,-1.436878,-0.6644055,0.2404307,1.319917,2.585604,3.986246,5.335503,6.410417,7.012594,NA,NA,NA
NA,NA,NA,-0.4587865,-0.4978344,-0.6443754,-0.9201589,-1.257939,-1.590924,-1.871366,-2.091666,-2.263945,-2.3676,-2.389714,-2.343748,-2.235007,-2.082181,-1.866127,-1.624169,-1.377994,-1.131501,-0.894424,-0.6808048,-0.4708616,-0.2588932,-0.0299413,0.2037919,0.4373968,0.6678256,0.8972382,1.101367,1.280035,1.44017,1.582408,1.701416,1.809922,1.912028,2.001759,2.066351,2.107342,2.155647,2.212714,2.28846,2.363918,2.431131,2.485713,2.523328,2.530348,2.534341,2.537638,2.542195,2.530312,2.50268,2.463763,2.425914,2.392782,2.358198,2.326138,2.287521,2.225305,2.135418,2.026941,1.896142,1.750034,1.603151,1.453723,1.292086,1.112493,0.9258487,0.7345383,0.5422866,0.358639,0.1820898,4.070776E-03,-0.1694603,-0.3412547,-0.5168779,-0.6907933,-0.8512049,-1.005824,-1.179442,-1.376288,-1.577818,-1.773862,-1.963711,-2.145803,-2.305913,-2.43607,-2.552932,-2.682057,-2.821004,-2.959166,-3.097232,-3.235557,-3.369711,-3.505333,-3.641994,-3.776254,-3.892912,-3.970231,-3.989094,-3.937503,-3.819344,-3.661963,-3.458626,-3.18693,-2.869755,-2.471536,-1.952456,-1.289874,-0.5046339,0.4073978,1.484724,2.741949,4.130511,5.452802,6.49151,7.081187,NA,NA,NA
NA,NA,NA,-0.4192832,-0.4615329,-0.6201571,-0.9056648,-1.251682,-1.598306,-1.893964,-2.128274,-2.296708,-2.398798,-2.427582,-2.38663,-2.287489,-2.149128,-1.949575,-1.727535,-1.507922,-1.284818,-1.062139,-0.8453625,-0.6231619,-0.3988853,-0.1628771,8.403248E-02,0.3218035,0.5511123,0.774861,0.9809682,1.155493,1.303927,1.4291,1.534165,1.632159,1.730823,1.822102,1.896912,1.948398,2.000667,2.054374,2.123436,2.195825,2.261646,2.312166,2.348037,2.355446,2.359967,2.362453,2.367609,2.355966,2.326946,2.28449,2.245528,2.212353,2.177272,2.135815,2.091141,2.024852,1.938171,1.832901,1.697514,1.54214,1.395943,1.247141,1.080934,0.9007536,0.7143868,0.5261158,0.3400993,0.1607007,-0.0117963,-0.1852739,-0.3544477,-0.5295895,-0.7136737,-0.8979272,-1.064335,-1.220391,-1.392982,-1.585985,-1.779896,-1.970337,-2.160958,-2.344658,-2.498405,-2.618347,-2.728084,-2.848907,-2.973652,-3.100092,-3.230521,-3.365787,-3.491195,-3.609804,-3.725838,-3.842716,-3.941869,-3.996498,-3.996751,-3.936566,-3.804945,-3.636787,-3.425385,-3.13422,-2.795322,-2.376415,-1.833864,-1.154292,-0.3604768,0.5508844,1.618921,2.861046,4.231856,5.531696,6.537249,7.109542,NA,NA,NA
NA,NA,NA,-0.3377441,-0.385064,-0.5569221,-0.8511702,-1.207214,-1.570558,-1.8808,-2.123772,-2.293573,-2.40086,-2.443,-2.411033,-2.323349,-2.201759,-2.031105,-1.832697,-1.633493,-1.431553,-1.213942,-0.9863054,-0.7561259,-0.5240835,-0.2862052,-3.415813E-02,0.2098485,0.4329981,0.6459129,0.8496826,1.024352,1.167501,1.284864,1.379983,1.468317,1.558858,1.648375,1.731313,1.796369,1.85542,1.911197,1.970299,2.032779,2.095104,2.145442,2.176021,2.185746,2.193766,2.2002,2.205382,2.190211,2.157472,2.111134,2.065272,2.029022,1.992228,1.945849,1.896175,1.829355,1.742438,1.632684,1.494337,1.34315,1.19661,1.03917,0.8628386,0.6822169,0.5037218,0.3241102,0.1442944,-3.535356E-02,-0.2097823,-0.3801013,-0.5446126,-0.7236263,-0.9120366,-1.099948,-1.275159,-1.437979,-1.607457,-1.791855,-1.981518,-2.174762,-2.369345,-2.553379,-2.703617,-2.817449,-2.920544,-3.02535,-3.127949,-3.240371,-3.367497,-3.497127,-3.612239,-3.712117,-3.810092,-3.907598,-3.986857,-4.019659,-4.005525,-3.945397,-3.811409,-3.631231,-3.405387,-3.097768,-2.735297,-2.282108,-1.707841,-1.01423,-0.2194888,0.6847475,1.744684,2.96875,4.309873,5.583047,6.563174,7.117059,NA,NA,NA
NA,NA,NA,-0.2550404,-0.3029146,-0.4807324,-0.790457,-1.170608,-1.552011,-1.872676,-2.124463,-2.297473,-2.406643,-2.454459,-2.432943,-2.360527,-2.257953,-2.116764,-1.943218,-1.755972,-1.565161,-1.346335,-1.110922,-0.870374,-0.6360133,-0.4021923,-0.151673,9.007338E-02,0.3058982,0.5063853,0.7028842,0.8790307,1.021231,1.13561,1.227254,1.309928,1.39723,1.486453,1.573776,1.65142,1.721429,1.783362,1.836431,1.885553,1.937188,1.982764,2.007675,2.017421,2.02865,2.035163,2.036088,2.018018,1.986308,1.939644,1.889972,1.851399,1.812293,1.764057,1.71055,1.636817,1.54124,1.426123,1.290317,1.14897,1.00253,0.8354216,0.6546311,0.4782019,0.3053811,0.1298006,-4.861949E-02,-0.2295983,-0.4074583,-0.5745082,-0.7366714,-0.9140592,-1.100047,-1.285772,-1.466161,-1.634581,-1.804561,-1.989522,-2.182705,-2.380553,-2.577116,-2.756836,-2.900351,-3.009327,-3.101669,-3.189247,-3.278282,-3.380543,-3.503343,-3.622673,-3.721028,-3.802284,-3.883884,-3.963401,-4.022504,-4.037776,-4.009868,-3.944443,-3.811473,-3.622508,-3.381401,-3.057063,-2.671044,-2.186453,-1.585342,-0.8806205,-8.668801E-02,0.8105655,1.857729,3.058519,4.367761,5.612001,6.574018,7.116459,NA,NA,NA
NA,NA,NA,-0.2137566,-0.2571543,-0.434048,-0.7614733,-1.17029,-1.565623,-1.891849,-2.149724,-2.327049,-2.433596,-2.481862,-2.471075,-2.416988,-2.330082,-2.207685,-2.05064,-1.873741,-1.683421,-1.463433,-1.227169,-0.9794067,-0.7426101,-0.5107966,-0.2711597,-4.082971E-02,0.168905,0.361499,0.5469443,0.7175609,0.8611101,0.9759487,1.067954,1.150268,1.233878,1.321949,1.412545,1.500336,1.579149,1.646274,1.702352,1.746494,1.786614,1.822824,1.842516,1.847145,1.852767,1.852979,1.846599,1.827308,1.800254,1.762544,1.7164,1.67947,1.641279,1.594671,1.536323,1.456069,1.349829,1.228852,1.09582,0.9579555,0.8088485,0.638909,0.4617297,0.2914636,0.120275,-5.684762E-02,-0.2359605,-0.4164009,-0.591287,-0.7533845,-0.9178127,-1.093141,-1.269731,-1.451115,-1.632256,-1.800409,-1.978522,-2.172151,-2.369736,-2.570799,-2.765919,-2.93898,-3.075709,-3.180377,-3.262995,-3.34166,-3.42718,-3.524802,-3.637433,-3.739425,-3.819721,-3.883774,-3.950055,-4.012665,-4.054893,-4.060616,-4.022588,-3.942778,-3.805183,-3.612944,-3.359999,-3.01598,-2.604232,-2.095755,-1.481066,-0.7711848,0.0236413,0.9155227,1.942936,3.115665,4.397513,5.619371,6.569897,7.105848,NA,NA,NA
NA,NA,NA,-0.2217628,-0.2588755,-0.4348174,-0.768413,-1.189995,-1.592699,-1.925501,-2.189858,-2.370972,-2.474414,-2.523068,-2.524714,-2.48874,-2.412077,-2.298367,-2.14686,-1.97505,-1.779492,-1.56274,-1.331802,-1.082948,-0.8410825,-0.6095242,-0.3818854,-0.1704143,3.316581E-02,0.2253469,0.4015521,0.5630077,0.7051569,0.8214036,0.9179474,1.004936,1.085534,1.172499,1.263052,1.355673,1.441175,1.510814,1.566663,1.609157,1.642529,1.670839,1.686542,1.687681,1.68634,1.679039,1.665251,1.645129,1.61923,1.589493,1.554973,1.527403,1.495629,1.456422,1.393986,1.305801,1.190416,1.060754,0.9251319,0.784715,0.6333931,0.4657639,0.2921132,0.1256489,-4.647721E-02,-0.2222003,-0.3967003,-0.5723719,-0.7430646,-0.9095051,-1.081208,-1.253931,-1.420736,-1.599001,-1.778431,-1.943867,-2.129393,-2.326947,-2.523272,-2.722539,-2.913239,-3.080319,-3.217778,-3.322565,-3.406763,-3.489264,-3.577018,-3.66959,-3.76692,-3.851241,-3.916013,-3.967994,-4.018745,-4.063479,-4.0905,-4.092081,-4.050035,-3.95672,-3.809987,-3.615104,-3.353832,-2.991913,-2.551969,-2.023268,-1.39939,-0.6847145,0.1117672,0.9982585,2.004929,3.14808,4.405722,5.613591,6.557521,7.08329,NA,NA,NA
NA,NA,NA,-0.2558219,-0.2905488,-0.4680581,-0.7988734,-1.215959,-1.621707,-1.960879,-2.228705,-2.409285,-2.515121,-2.571963,-2.589331,-2.56492,-2.492613,-2.384025,-2.230592,-2.056318,-1.857313,-1.648399,-1.426006,-1.179149,-0.9317524,-0.7003858,-0.4845278,-0.2879388,-8.805462E-02,0.1032114,0.2721081,0.4230061,0.5618708,0.6798713,0.7792447,0.8736594,0.96004,1.050702,1.139846,1.231628,1.317352,1.386469,1.439915,1.478596,1.503711,1.52586,1.542844,1.547974,1.54403,1.533081,1.517163,1.495107,1.464885,1.437993,1.4131,1.393902,1.372785,1.3441,1.285476,1.191084,1.065996,0.9259384,0.7849071,0.6415429,0.4871779,0.3176995,0.1440769,-1.987645E-02,-0.1899993,-0.3609216,-0.5297143,-0.7051151,-0.878665,-1.055709,-1.235789,-1.405294,-1.565566,-1.739292,-1.912317,-2.076338,-2.262591,-2.453195,-2.643757,-2.841264,-3.029012,-3.196438,-3.341928,-3.453036,-3.551064,-3.645248,-3.732444,-3.816826,-3.89776,-3.963102,-4.015139,-4.058633,-4.094652,-4.122136,-4.136913,-4.13245,-4.089815,-3.995001,-3.844151,-3.640905,-3.369806,-2.99302,-2.527837,-1.982586,-1.351738,-0.6328845,0.1643544,1.047978,2.043483,3.166586,4.40121,5.591503,6.522282,7.037652,NA,NA,NA
NA,NA,NA,-0.3000508,-0.3385606,-0.517927,-0.8457509,-1.251435,-1.65241,-1.995136,-2.264162,-2.443045,-2.554152,-2.620336,-2.647292,-2.626385,-2.55789,-2.451605,-2.296357,-2.120266,-1.923646,-1.725542,-1.515033,-1.271971,-1.024623,-0.7925669,-0.5859329,-0.4013682,-0.2127083,-2.396278E-02,0.1447756,0.2906244,0.4233293,0.5372294,0.6360086,0.7324985,0.8295969,0.9293032,1.022926,1.112255,1.195423,1.26357,1.317011,1.34978,1.366184,1.385081,1.406469,1.419472,1.421051,1.412259,1.398183,1.375169,1.342775,1.314401,1.292904,1.276936,1.262727,1.24155,1.185689,1.090054,0.9605917,0.8159989,0.6676196,0.5169464,0.3599546,0.1916773,2.256365E-02,-0.1393426,-0.3086129,-0.4803138,-0.6489712,-0.829096,-1.009887,-1.199136,-1.386318,-1.560436,-1.719295,-1.882812,-2.0443,-2.207156,-2.388848,-2.569632,-2.754453,-2.949286,-3.132597,-3.304445,-3.457991,-3.588227,-3.707277,-3.81523,-3.902958,-3.978366,-4.047684,-4.098612,-4.139576,-4.174282,-4.197419,-4.210467,-4.212375,-4.195205,-4.144979,-4.050207,-3.899233,-3.689197,-3.40815,-3.020524,-2.536273,-1.977359,-1.340931,-0.6188096,0.1775071,1.056697,2.045088,3.153854,4.36538,5.531681,6.445511,6.953124,NA,NA,NA
NA,NA,NA,-0.3511878,-0.3937098,-0.569262,-0.8958067,-1.294549,-1.686739,-2.028126,-2.294176,-2.46912,-2.585455,-2.65927,-2.687166,-2.661485,-2.592908,-2.485284,-2.333908,-2.161927,-1.974754,-1.789845,-1.593457,-1.363707,-1.12616,-0.8993525,-0.6996693,-0.522076,-0.3404776,-0.1525499,1.836479E-02,0.1620215,0.2887675,0.3970219,0.4925853,0.5847779,0.6895548,0.8011292,0.9026702,0.9925374,1.072967,1.139821,1.191095,1.224513,1.242261,1.260396,1.283716,1.299359,1.306411,1.303683,1.296844,1.277641,1.248448,1.217285,1.191527,1.174681,1.164229,1.144467,1.089073,0.9996529,0.8750811,0.731876,0.577509,0.4152092,0.2545284,8.854997E-02,-7.384026E-02,-0.2373906,-0.4080905,-0.5858559,-0.7585115,-0.9461007,-1.133513,-1.33015,-1.530146,-1.712697,-1.868369,-2.018044,-2.171382,-2.330753,-2.502873,-2.675853,-2.857166,-3.051092,-3.23439,-3.411796,-3.576058,-3.726463,-3.863091,-3.981127,-4.073095,-4.146981,-4.210912,-4.254445,-4.288432,-4.311683,-4.32139,-4.321603,-4.308659,-4.275598,-4.212507,-4.114176,-3.963556,-3.745465,-3.452179,-3.060895,-2.573285,-2.005301,-1.360772,-0.6383793,0.1535009,1.023145,1.999257,3.093421,4.285242,5.431774,6.331902,6.834087,NA,NA,NA
NA,NA,NA,-0.3933682,-0.4383859,-0.6120055,-0.9437735,-1.342143,-1.724648,-2.056428,-2.314507,-2.485217,-2.603153,-2.677917,-2.704044,-2.675961,-2.606603,-2.496417,-2.35111,-2.186497,-2.009159,-1.834872,-1.654092,-1.446547,-1.230675,-1.015809,-0.8183773,-0.6413767,-0.4612231,-0.2751979,-0.1052508,3.758339E-02,0.159127,0.2655366,0.3612927,0.452657,0.5578043,0.6748919,0.7862668,0.8798895,0.9566261,1.020256,1.069207,1.105766,1.133571,1.157411,1.181621,1.195739,1.206447,1.209624,1.208424,1.198372,1.175403,1.144121,1.114157,1.095947,1.082993,1.056489,0.9994904,0.9164754,0.8001053,0.6660302,0.5141704,0.3461633,0.1800094,1.207737E-02,-0.1505222,-0.3173375,-0.4934627,-0.6747444,-0.848325,-1.037504,-1.233377,-1.440642,-1.651211,-1.83709,-1.98812,-2.132506,-2.279592,-2.431683,-2.594824,-2.767159,-2.948483,-3.139595,-3.324872,-3.505571,-3.679812,-3.840992,-3.986584,-4.10791,-4.205008,-4.284989,-4.348897,-4.395553,-4.426116,-4.438546,-4.435388,-4.421182,-4.392945,-4.348175,-4.272374,-4.164682,-4.005762,-3.777723,-3.474211,-3.085781,-2.605736,-2.034572,-1.380991,-0.6630492,0.1215077,0.9780585,1.931634,3.00288,4.17565,5.311817,6.205056,6.700863,NA,NA,NA
NA,NA,NA,-0.4128235,-0.4592429,-0.6350322,-0.9722252,-1.373111,-1.750926,-2.071799,-2.320097,-2.486707,-2.604411,-2.680987,-2.709986,-2.68525,-2.619105,-2.509099,-2.368452,-2.210923,-2.04196,-1.876051,-1.70922,-1.520798,-1.325997,-1.127573,-0.9348493,-0.7539802,-0.5720499,-0.386287,-0.2203591,-8.291891E-02,3.326842E-02,0.1408949,0.2412557,0.3399057,0.4459085,0.5603644,0.6736681,0.7701289,0.8434108,0.9038895,0.9555468,0.9986444,1.036923,1.070175,1.095836,1.110252,1.122615,1.130296,1.135315,1.132411,1.111772,1.081462,1.051519,1.033197,1.014859,0.9797027,0.9235409,0.8438523,0.7335014,0.6066074,0.4597158,0.2948672,0.1307494,-3.975705E-02,-0.2111786,-0.3856533,-0.5688472,-0.7479811,-0.9189344,-1.106306,-1.309854,-1.520726,-1.732467,-1.917185,-2.071992,-2.22092,-2.365321,-2.507669,-2.664498,-2.834252,-3.015349,-3.209208,-3.392865,-3.571243,-3.750046,-3.909777,-4.053565,-4.175779,-4.277798,-4.367322,-4.434563,-4.482493,-4.506473,-4.510634,-4.500934,-4.478878,-4.444932,-4.392034,-4.307562,-4.187924,-4.014071,-3.775572,-3.466615,-3.079583,-2.609176,-2.041469,-1.384412,-0.6745136,0.1024701,0.9501832,1.88397,2.93079,4.078335,5.198174,6.082006,6.570208,NA,NA,NA
NA,NA,NA,-0.4022826,-0.4507166,-0.6314153,-0.9717044,-1.371708,-1.746984,-2.057874,-2.298137,-2.466462,-2.586189,-2.666756,-2.703136,-2.687298,-2.626488,-2.520523,-2.38423,-2.234261,-2.076111,-1.918813,-1.764951,-1.589252,-1.410129,-1.225098,-1.038838,-0.8587894,-0.6789228,-0.4951812,-0.3337499,-0.200821,-8.565222E-02,2.440942E-02,0.1333514,0.2442585,0.3565489,0.4681867,0.5780385,0.6747029,0.7454395,0.8040761,0.8603774,0.91004,0.9585111,1.001451,1.031968,1.050497,1.06528,1.077023,1.085807,1.084665,1.064087,1.034445,1.006354,0.9851435,0.9564899,0.91377,0.8577837,0.77918,0.6714645,0.5498114,0.4120404,0.2581056,0.1029481,-7.176077E-02,-0.2550842,-0.4381348,-0.6277418,-0.8052239,-0.9696197,-1.152039,-1.352588,-1.560035,-1.769114,-1.956314,-2.118057,-2.273794,-2.416892,-2.554566,-2.708366,-2.872766,-3.054096,-3.248434,-3.428765,-3.601466,-3.774453,-3.928272,-4.068029,-4.194613,-4.301944,-4.397957,-4.468594,-4.514196,-4.532855,-4.532137,-4.521515,-4.498567,-4.463349,-4.404111,-4.308854,-4.178331,-3.991896,-3.747674,-3.438761,-3.053191,-2.586463,-2.02406,-1.373536,-0.6682007,0.106584,0.9512443,1.873863,2.900537,4.018534,5.106986,5.96783,6.444026,NA,NA,NA
NA,NA,NA,-0.3419785,-0.3915519,-0.5746024,-0.9104564,-1.309731,-1.683497,-1.991315,-2.232751,-2.409898,-2.535537,-2.621991,-2.666146,-2.660764,-2.606889,-2.509284,-2.383359,-2.245423,-2.098601,-1.948478,-1.805573,-1.637549,-1.468231,-1.2962,-1.118432,-0.9486759,-0.7764149,-0.5925331,-0.4336914,-0.305005,-0.1871478,-7.211657E-02,4.326563E-02,0.1653932,0.2857121,0.3997336,0.5094543,0.6041174,0.6764919,0.7376348,0.7983639,0.8521984,0.9087361,0.9581221,0.996096,1.019528,1.03813,1.05378,1.063825,1.061803,1.041153,1.009855,0.9786357,0.950861,0.911705,0.8630009,0.8053018,0.7239739,0.6186173,0.5019591,0.36986,0.2250105,8.386474E-02,-8.957619E-02,-0.2822613,-0.4694929,-0.6613433,-0.837559,-0.9949601,-1.171455,-1.356098,-1.54613,-1.748961,-1.940153,-2.112639,-2.279472,-2.427733,-2.570606,-2.725075,-2.884602,-3.060508,-3.247946,-3.425156,-3.593456,-3.753335,-3.899364,-4.036955,-4.165956,-4.280921,-4.381011,-4.454337,-4.498038,-4.516316,-4.51728,-4.508649,-4.487143,-4.4472,-4.378032,-4.27435,-4.139861,-3.94841,-3.700397,-3.392675,-3.010511,-2.545006,-1.990372,-1.355094,-0.6496606,0.1248942,0.962607,1.877193,2.889626,3.983135,5.034926,5.861497,6.320561,NA,NA,NA
NA,NA,NA,-0.2124048,-0.2646554,-0.451401,-0.781432,-1.176846,-1.555757,-1.870025,-2.124468,-2.31654,-2.453572,-2.545679,-2.595734,-2.600459,-2.554344,-2.469383,-2.36009,-2.235599,-2.096118,-1.948363,-1.812178,-1.651855,-1.49211,-1.333324,-1.160573,-1.002635,-0.8439773,-0.6679676,-0.5146115,-0.3890531,-0.2719889,-0.1522212,-3.103259E-02,9.488198E-02,0.2208495,0.3424632,0.4559662,0.5509483,0.6287783,0.6933797,0.7599067,0.8192772,0.8796435,0.9351912,0.9852411,1.016183,1.041394,1.060052,1.069168,1.063313,1.039267,1.003717,0.9661832,0.9329435,0.884349,0.8252112,0.7578533,0.6727627,0.5708069,0.4597954,0.3329396,0.1973345,6.692907E-02,-0.1008447,-0.2938984,-0.4765971,-0.6637321,-0.8372121,-0.9904485,-1.159463,-1.3273,-1.499502,-1.693726,-1.88334,-2.060688,-2.233279,-2.391548,-2.544225,-2.701673,-2.860561,-3.031442,-3.209193,-3.385244,-3.552866,-3.705163,-3.841086,-3.975633,-4.104678,-4.222152,-4.322824,-4.399776,-4.446852,-4.46847,-4.471934,-4.464842,-4.441859,-4.393407,-4.315048,-4.209516,-4.079972,-3.891872,-3.641934,-3.335793,-2.9581,-2.494132,-1.946866,-1.324874,-0.6227654,0.1434438,0.9668868,1.86589,2.85945,3.932656,4.957108,5.756007,6.199793,NA,NA,NA
NA,NA,NA,-4.268943E-02,-9.521614E-02,-0.2819203,-0.6004681,-0.9912028,-1.377859,-1.708719,-1.985726,-2.195224,-2.347767,-2.44972,-2.507316,-2.519526,-2.482973,-2.411351,-2.316363,-2.206847,-2.074843,-1.927012,-1.791774,-1.638613,-1.487528,-1.33877,-1.17221,-1.025326,-0.8815305,-0.7180182,-0.5743091,-0.4520336,-0.3381484,-0.2207054,-0.1007274,2.342333E-02,0.1478268,0.2781591,0.3954886,0.4945215,0.5762348,0.6491112,0.7212148,0.791575,0.8562734,0.9195802,0.9817369,1.025081,1.057048,1.077959,1.08569,1.07579,1.046087,1.004265,0.959069,0.9207209,0.8649452,0.7913168,0.7152576,0.6282296,0.5266004,0.4203216,0.2967898,0.1674108,4.633988E-02,-0.1100517,-0.2930642,-0.4698606,-0.6524519,-0.8201684,-0.9706602,-1.131642,-1.282881,-1.436921,-1.618888,-1.805082,-1.984778,-2.158001,-2.32638,-2.49038,-2.647922,-2.805896,-2.97098,-3.142385,-3.316977,-3.486382,-3.637972,-3.768485,-3.898732,-4.028279,-4.148702,-4.25256,-4.330077,-4.377214,-4.400675,-4.406563,-4.401877,-4.377169,-4.323417,-4.244955,-4.144551,-4.017975,-3.830057,-3.579711,-3.27821,-2.910243,-2.449943,-1.905472,-1.291161,-0.6026365,0.1462235,0.9534673,1.835137,2.806319,3.85623,4.859178,5.642688,6.080512,NA,NA,NA
NA,NA,NA,0.147671,9.482843E-02,-9.177536E-02,-0.4015786,-0.7893384,-1.180708,-1.523375,-1.813725,-2.042615,-2.218286,-2.335118,-2.399942,-2.418162,-2.395373,-2.341251,-2.257909,-2.158393,-2.033796,-1.894182,-1.766563,-1.621857,-1.481552,-1.343511,-1.183557,-1.038368,-0.8987794,-0.7504997,-0.6226335,-0.5020875,-0.390228,-0.2829944,-0.1702086,-0.051624,0.0699752,0.2019053,0.3198901,0.4223123,0.509428,0.5905482,0.6706159,0.7527664,0.8275055,0.8989681,0.9714316,1.027871,1.069383,1.09203,1.100114,1.08826,1.056252,1.009649,0.9560064,0.9087892,0.8447771,0.7619925,0.6854264,0.60141,0.4949367,0.3883026,0.265189,0.1394106,2.442413E-02,-0.1207785,-0.2890782,-0.4539842,-0.6272838,-0.7894371,-0.939544,-1.096791,-1.239983,-1.380361,-1.549827,-1.731415,-1.910479,-2.082901,-2.251927,-2.417413,-2.575347,-2.730839,-2.890881,-3.059587,-3.232107,-3.398376,-3.549781,-3.681327,-3.808037,-3.941674,-4.071448,-4.181201,-4.260018,-4.305888,-4.328554,-4.337223,-4.335402,-4.310418,-4.256847,-4.185239,-4.087591,-3.95891,-3.768976,-3.519848,-3.228754,-2.877991,-2.425338,-1.880185,-1.269619,-0.5982566,0.1332722,0.9288355,1.795395,2.743238,3.764938,4.74235,5.511353,5.949047,NA,NA,NA
NA,NA,NA,0.3549793,0.2992885,0.1087894,-0.2030332,-0.5933359,-0.9879416,-1.341228,-1.638013,-1.880807,-2.075783,-2.215419,-2.295125,-2.323223,-2.312823,-2.271343,-2.198324,-2.105683,-1.988179,-1.863873,-1.751285,-1.616718,-1.485267,-1.356344,-1.204745,-1.059663,-0.9182404,-0.7789524,-0.664326,-0.5464752,-0.4354978,-0.341538,-0.2459832,-0.1385784,-2.033808E-02,0.1075589,0.2252295,0.3304441,0.4252098,0.5140756,0.5987262,0.6885189,0.7767172,0.8572703,0.9362565,1.004269,1.054736,1.080889,1.091758,1.086561,1.061263,1.015182,0.9572912,0.901436,0.8328649,0.749799,0.6773894,0.5924037,0.4808445,0.3678613,0.2389688,0.1113498,1.605727E-03,-0.1337698,-0.2881291,-0.4351027,-0.5930653,-0.7499815,-0.9030734,-1.059796,-1.198559,-1.329771,-1.483876,-1.65622,-1.833187,-2.003197,-2.165353,-2.325387,-2.483861,-2.640013,-2.796829,-2.965439,-3.137373,-3.298907,-3.446552,-3.578767,-3.701176,-3.834423,-3.975178,-4.096826,-4.179405,-4.222983,-4.245678,-4.257141,-4.260129,-4.238808,-4.191442,-4.125042,-4.028409,-3.893915,-3.703553,-3.45961,-3.181001,-2.843726,-2.400385,-1.862737,-1.261866,-0.60229,0.1216485,0.9101537,1.762685,2.686512,3.677696,4.623484,5.364698,5.794236,NA,NA,NA
NA,NA,NA,0.5525929,0.4941877,0.2965335,-2.916155E-02,-0.4306498,-0.8351983,-1.193606,-1.490508,-1.739637,-1.95029,-2.11353,-2.212339,-2.253587,-2.257313,-2.222978,-2.155509,-2.067225,-1.957652,-1.848533,-1.751601,-1.629664,-1.506916,-1.382283,-1.240387,-1.09731,-0.953612,-0.8165871,-0.7054797,-0.5949088,-0.491835,-0.4071091,-0.3298005,-0.2374609,-0.1250685,-3.343204E-03,0.1143683,0.222597,0.3222884,0.4167959,0.5072113,0.6015431,0.703069,0.7968223,0.8770168,0.9472526,1.006437,1.041476,1.059495,1.065168,1.054691,1.017485,0.9661548,0.9095119,0.8425988,0.7634429,0.6874857,0.5986204,0.4877674,0.367984,0.2309739,0.100161,-9.027103E-03,-0.1344987,-0.2776123,-0.410214,-0.5517968,-0.700848,-0.8530315,-1.006681,-1.143676,-1.270764,-1.410449,-1.568425,-1.738723,-1.902317,-2.055876,-2.201274,-2.355884,-2.515116,-2.673045,-2.839302,-3.014125,-3.177356,-3.325275,-3.459933,-3.579883,-3.704621,-3.840666,-3.966458,-4.054217,-4.102902,-4.127697,-4.143971,-4.152719,-4.137804,-4.099608,-4.038037,-3.945635,-3.806622,-3.611664,-3.371118,-3.097302,-2.766329,-2.333665,-1.813496,-1.229464,-0.5792314,0.1366962,0.9137793,1.749146,2.651289,3.613647,4.523911,5.229155,5.643475,NA,NA,NA
NA,NA,NA,0.7366147,0.6770054,0.4733927,0.1313158,-0.2881534,-0.7062149,-1.071094,-1.373979,-1.628748,-1.849323,-2.032202,-2.154789,-2.217401,-2.230497,-2.200708,-2.13497,-2.050529,-1.949169,-1.853368,-1.76448,-1.656173,-1.542798,-1.418371,-1.282589,-1.146601,-1.006526,-0.8696384,-0.7539487,-0.6481371,-0.5553815,-0.4769523,-0.4125435,-0.3341224,-0.2322776,-0.114727,3.858153E-03,0.1158295,0.2194033,0.3200796,0.4160784,0.5155699,0.6267923,0.7323645,0.8180479,0.8869562,0.9495611,0.995446,1.024672,1.040257,1.041979,1.018635,0.9837008,0.9372172,0.8758092,0.8003149,0.7211114,0.631579,0.5261729,0.4066384,0.2673758,0.1329389,0.0194946,-0.1022305,-0.2361154,-0.366115,-0.5001304,-0.6399472,-0.7825449,-0.9228137,-1.052576,-1.174652,-1.304315,-1.450224,-1.608145,-1.766771,-1.914793,-2.045375,-2.189645,-2.349859,-2.507568,-2.670557,-2.848221,-3.01714,-3.168875,-3.304384,-3.425158,-3.53944,-3.661426,-3.778689,-3.872083,-3.927744,-3.959824,-3.982855,-3.995825,-3.988136,-3.958796,-3.901934,-3.814895,-3.667066,-3.470083,-3.234877,-2.960873,-2.628073,-2.208782,-1.709948,-1.141664,-0.5026793,0.2025061,0.9597965,1.770087,2.650974,3.589724,4.468523,5.142184,5.540867,NA,NA,NA
NA,NA,NA,0.933207,0.8766775,0.6654654,0.3135741,-0.1194878,-0.551293,-0.9322651,-1.251969,-1.516563,-1.749238,-1.947404,-2.089188,-2.169528,-2.195059,-2.176,-2.117567,-2.039214,-1.946729,-1.863244,-1.778637,-1.677271,-1.575295,-1.455518,-1.32516,-1.196167,-1.060561,-0.9280589,-0.8047989,-0.697533,-0.6114784,-0.5408822,-0.4803596,-0.4085379,-0.3148975,-0.2011507,-8.294989E-02,3.186201E-02,0.1417129,0.2476683,0.3515186,0.4580617,0.5732546,0.6877566,0.7865134,0.8557784,0.9169003,0.9686783,1.00519,1.024993,1.032228,1.021782,1.006027,0.9770777,0.9271132,0.8593971,0.7861136,0.7030852,0.6057405,0.4919715,0.3580419,0.2200248,9.561418E-02,-2.730156E-02,-0.1596348,-0.2957661,-0.4273887,-0.5540996,-0.6797734,-0.8046847,-0.9229754,-1.0318,-1.153605,-1.288809,-1.432357,-1.585705,-1.733864,-1.861572,-1.999684,-2.155144,-2.311167,-2.471141,-2.643376,-2.811062,-2.969515,-3.105992,-3.227677,-3.338745,-3.449825,-3.553824,-3.64827,-3.709936,-3.745767,-3.769933,-3.784573,-3.78515,-3.764831,-3.711619,-3.622505,-3.469776,-3.278329,-3.049281,-2.774029,-2.44575,-2.046774,-1.564396,-1.002567,-0.3767765,0.3101108,1.040038,1.824596,2.68949,3.60755,4.457326,5.108284,5.488938,NA,NA,NA
NA,NA,NA,1.170066,1.115636,0.9051915,0.549383,0.1044685,-0.3453136,-0.7516919,-1.098276,-1.385458,-1.635377,-1.845223,-1.997113,-2.089838,-2.127306,-2.123126,-2.077686,-2.008823,-1.930096,-1.854916,-1.77451,-1.677841,-1.586416,-1.478335,-1.359976,-1.238776,-1.111056,-0.9846097,-0.8570806,-0.7414914,-0.6512913,-0.5853742,-0.5268687,-0.4580935,-0.3696488,-0.2617551,-0.139135,-2.171716E-02,9.353343E-02,0.2058178,0.3156306,0.4258486,0.5403092,0.6605256,0.7764375,0.854843,0.9157418,0.9650226,0.9973598,1.018065,1.029526,1.029103,1.030653,1.021225,0.9873317,0.9350251,0.8776984,0.8081665,0.7151176,0.6059028,0.478998,0.3417924,0.2090792,7.903376E-02,-5.537137E-02,-0.1943747,-0.3281668,-0.4502085,-0.5615219,-0.6670126,-0.766121,-0.8612543,-0.9715692,-1.094854,-1.22733,-1.369869,-1.514684,-1.647516,-1.783157,-1.93066,-2.083848,-2.245319,-2.411668,-2.573531,-2.732812,-2.875765,-2.992045,-3.099729,-3.20616,-3.303836,-3.395941,-3.459438,-3.494045,-3.513691,-3.528921,-3.534987,-3.523595,-3.477132,-3.388053,-3.24131,-3.058657,-2.835344,-2.570724,-2.253258,-1.873195,-1.401858,-0.8496519,-0.2387448,0.4256014,1.13015,1.899364,2.749048,3.640396,4.463217,5.101474,5.46719,NA,NA,NA
NA,NA,NA,1.44928,1.393899,1.186562,0.8246692,0.3675273,-0.1031739,-0.5389798,-0.9147198,-1.225546,-1.495527,-1.718688,-1.877839,-1.980579,-2.030645,-2.042337,-2.01164,-1.953319,-1.886646,-1.817438,-1.744089,-1.657958,-1.573815,-1.482316,-1.379953,-1.267469,-1.146254,-1.022956,-0.8924298,-0.7669821,-0.6717794,-0.6081307,-0.5526078,-0.4895331,-0.4103924,-0.3051752,-0.1773748,-5.497115E-02,6.487377E-02,0.1849149,0.2996648,0.4148167,0.5300459,0.652697,0.7758392,0.8651948,0.9297986,0.9756066,1.001858,1.021807,1.036621,1.046998,1.063884,1.069943,1.054452,1.022262,0.9837053,0.9293162,0.8435757,0.7370689,0.6126684,0.4782595,0.3418423,0.2090293,7.372101E-02,-6.741612E-02,-0.2035629,-0.3224126,-0.4248759,-0.5160787,-0.5990415,-0.6779418,-0.7692461,-0.8765564,-0.9985836,-1.128858,-1.266443,-1.402981,-1.53981,-1.682991,-1.833878,-1.993879,-2.157889,-2.319641,-2.475156,-2.620945,-2.728508,-2.831122,-2.933769,-3.029823,-3.120234,-3.185142,-3.220326,-3.240736,-3.258218,-3.263917,-3.256535,-3.21729,-3.136122,-3.00634,-2.83533,-2.625434,-2.370242,-2.060932,-1.685265,-1.228014,-0.6998205,-0.1086373,0.5335617,1.216597,1.975015,2.807434,3.671646,4.470163,5.096669,5.45425,NA,NA,NA
NA,NA,NA,1.782371,1.716804,1.50201,1.128112,0.6587202,0.1724956,-0.2846696,-0.6859246,-1.025231,-1.317472,-1.558916,-1.733845,-1.851683,-1.912728,-1.935846,-1.918213,-1.871583,-1.814165,-1.753918,-1.689111,-1.614875,-1.53793,-1.460453,-1.370533,-1.266847,-1.152572,-1.028767,-0.9009379,-0.7734416,-0.6752391,-0.6080933,-0.5560923,-0.5004039,-0.4338379,-0.329601,-0.198715,-7.105279E-02,5.754732E-02,0.1821831,0.2987661,0.421474,0.5448094,0.669736,0.7912837,0.8823954,0.9484317,0.9958071,1.022434,1.046325,1.066681,1.087868,1.115285,1.13365,1.135497,1.122413,1.096287,1.051516,0.9743823,0.874566,0.7530566,0.6198164,0.485759,0.354439,0.2209376,8.278441E-02,-5.184699E-02,-0.1700749,-0.2608299,-0.3421526,-0.4151127,-0.4793108,-0.5530661,-0.6441992,-0.75484,-0.8769794,-1.004043,-1.136982,-1.274014,-1.417549,-1.567854,-1.724114,-1.88561,-2.047513,-2.199301,-2.341416,-2.439168,-2.534744,-2.634203,-2.72762,-2.816632,-2.884999,-2.926655,-2.955544,-2.977005,-2.98135,-2.972315,-2.937018,-2.869535,-2.759694,-2.604474,-2.406475,-2.158463,-1.848757,-1.480071,-1.044061,-0.545069,2.506661E-02,0.6493098,1.309816,2.045763,2.854014,3.699005,4.481789,5.095398,5.445497,NA,NA,NA
NA,NA,NA,2.155065,2.079886,1.850073,1.458492,0.9723599,0.4772748,6.932653E-03,-0.4182237,-0.7819856,-1.095383,-1.359066,-1.56041,-1.699782,-1.778722,-1.811036,-1.800034,-1.765821,-1.721645,-1.674247,-1.61766,-1.550414,-1.477342,-1.407099,-1.326422,-1.232446,-1.127423,-1.003956,-0.8787261,-0.7573115,-0.6600665,-0.5873641,-0.5366725,-0.4885314,-0.4302157,-0.3294917,-0.1998383,-7.046565E-02,6.781284E-02,0.1982475,0.3163573,0.4492404,0.5805366,0.7064784,0.8206747,0.9057692,0.9739546,1.031287,1.068355,1.101802,1.132264,1.165428,1.199805,1.225849,1.239532,1.238373,1.2169,1.172351,1.100846,1.010693,0.89589,0.7659848,0.6383466,0.5088757,0.3753853,0.244444,0.1185385,6.281532E-03,-7.205995E-02,-0.1451205,-0.2124253,-0.2685433,-0.3316117,-0.4078456,-0.5042165,-0.6164383,-0.7336916,-0.8581361,-0.9955648,-1.140795,-1.291891,-1.445701,-1.600234,-1.753718,-1.902414,-2.036876,-2.12799,-2.21796,-2.315758,-2.406247,-2.49485,-2.565752,-2.61313,-2.64785,-2.672601,-2.67859,-2.669529,-2.639314,-2.587984,-2.494405,-2.350327,-2.159448,-1.921005,-1.619426,-1.267158,-0.8558713,-0.3767706,0.1739673,0.7806162,1.416461,2.122008,2.907904,3.738759,4.506822,5.102805,5.442364,NA,NA,NA
NA,NA,NA,2.542637,2.466606,2.22502,1.81817,1.305213,0.7896597,0.3043444,-0.1355676,-0.5173611,-0.8494649,-1.136935,-1.366358,-1.527237,-1.623973,-1.665884,-1.665379,-1.645081,-1.620548,-1.589581,-1.544068,-1.481536,-1.412916,-1.343886,-1.272409,-1.186038,-1.087304,-0.9631596,-0.8412557,-0.727282,-0.6317909,-0.5593631,-0.5096928,-0.462413,-0.4063899,-0.313722,-0.1892098,-6.476489E-02,7.820996E-02,0.2157447,0.3405193,0.4830721,0.6194457,0.7426852,0.8515929,0.9306498,1.001371,1.070819,1.121248,1.167205,1.212695,1.260227,1.302305,1.334938,1.355382,1.360281,1.340369,1.293279,1.222054,1.137191,1.033118,0.9148153,0.7940135,0.667913,0.538838,0.4139759,0.2986633,0.1949109,0.121673,5.473026E-02,-4.627626E-03,-5.505077E-02,-0.1110853,-0.1761459,-0.2544939,-0.352944,-0.457101,-0.5704396,-0.7062027,-0.8522835,-1.006597,-1.16052,-1.309195,-1.454405,-1.596766,-1.722613,-1.812656,-1.90393,-1.999896,-2.087233,-2.174562,-2.24356,-2.286888,-2.317761,-2.343449,-2.358664,-2.357995,-2.340266,-2.301017,-2.218447,-2.079808,-1.896477,-1.676067,-1.392523,-1.058973,-0.6670957,-0.2038611,0.327541,0.9154577,1.528392,2.208088,2.977217,3.789767,4.538067,5.116743,5.447218,NA,NA,NA
NA,NA,NA,2.906341,2.831076,2.574579,2.155101,1.620216,1.078629,0.5701753,0.1137921,-0.2808232,-0.6291373,-0.9374209,-1.18927,-1.364161,-1.474133,-1.529381,-1.548385,-1.547902,-1.543442,-1.528095,-1.495794,-1.440923,-1.373348,-1.303201,-1.235454,-1.153203,-1.060091,-0.9436653,-0.8274358,-0.7170504,-0.6237021,-0.5532489,-0.5040855,-0.4559541,-0.3960652,-0.3111856,-0.1985118,-8.020234E-02,6.149518E-02,0.2042154,0.3435473,0.4929666,0.6305996,0.7498408,0.8560978,0.9353134,1.006545,1.082263,1.146839,1.209729,1.272274,1.334563,1.384007,1.420902,1.444744,1.452332,1.435307,1.392005,1.328922,1.248353,1.153552,1.04697,0.9342229,0.8139765,0.6906727,0.5750964,0.4725579,0.3807726,0.3069062,0.2421566,0.1908361,0.1491964,0.1038206,4.709804E-02,-1.385593E-02,-9.435558E-02,-0.1845975,-0.2916341,-0.4210653,-0.5650194,-0.7189491,-0.8762944,-1.024769,-1.170305,-1.307265,-1.426831,-1.51676,-1.606319,-1.693173,-1.776448,-1.86287,-1.928962,-1.967213,-1.99346,-2.020327,-2.051057,-2.065769,-2.055651,-2.021508,-1.94498,-1.80945,-1.642235,-1.442654,-1.177832,-0.8566042,-0.4795244,-3.689313E-02,0.4761927,1.047887,1.641981,2.300207,3.048438,3.835018,4.561136,5.126309,5.449106,NA,NA,NA
NA,NA,NA,3.212619,3.134077,2.868663,2.432613,1.879088,1.308919,0.7784692,0.3085683,-0.1008166,-0.4670742,-0.7951869,-1.063577,-1.25261,-1.375488,-1.44312,-1.481559,-1.499664,-1.510794,-1.509549,-1.494273,-1.453553,-1.39033,-1.318721,-1.249218,-1.168505,-1.078318,-0.975454,-0.8703648,-0.7674404,-0.6752151,-0.6046227,-0.5524682,-0.5009821,-0.4376405,-0.3585024,-0.2566944,-0.1404048,-2.93918E-03,0.141069,0.2910878,0.4437286,0.5848358,0.7054441,0.8119156,0.8981127,0.9682835,1.04097,1.11478,1.193483,1.274147,1.347214,1.404897,1.446874,1.476864,1.489477,1.475419,1.43891,1.389164,1.321984,1.236722,1.13864,1.035165,0.9216574,0.801765,0.6936097,0.6017246,0.5226661,0.4548594,0.4001554,0.3575829,0.3262171,0.2932925,0.2461939,0.1966749,0.1300793,4.890601E-02,-5.632432E-02,-0.1783488,-0.3138848,-0.4620124,-0.6162268,-0.7630378,-0.9082512,-1.048114,-1.170552,-1.263459,-1.342773,-1.413415,-1.493022,-1.577654,-1.641512,-1.681622,-1.713647,-1.744437,-1.787093,-1.815168,-1.80774,-1.769439,-1.693532,-1.568833,-1.417075,-1.231131,-0.9798206,-0.668826,-0.3066645,0.1130223,0.607128,1.163148,1.743595,2.378444,3.091503,3.851619,4.560607,5.111967,5.423983,NA,NA,NA
NA,NA,NA,3.438026,3.361378,3.091232,2.633155,2.058517,1.458807,0.9053345,0.4173679,-1.699839E-03,-0.381833,-0.7264017,-1.011675,-1.21727,-1.354985,-1.43696,-1.492875,-1.530182,-1.552719,-1.560673,-1.554471,-1.528905,-1.477071,-1.408518,-1.335679,-1.256544,-1.171859,-1.080735,-0.9856195,-0.8909702,-0.8033769,-0.7373759,-0.6836674,-0.624109,-0.5571758,-0.4783672,-0.3810634,-0.2619652,-0.1269459,1.310417E-02,0.1594637,0.308854,0.4530596,0.5812244,0.6920375,0.7917815,0.8719664,0.9449827,1.02159,1.110504,1.204474,1.285872,1.349561,1.395514,1.4305,1.450988,1.449476,1.428038,1.393479,1.338809,1.26241,1.170796,1.078668,0.9704733,0.8536307,0.7488386,0.6626627,0.5931733,0.5328806,0.4890904,0.4570055,0.4386078,0.4207612,0.3883083,0.3455145,0.2873857,0.2111238,0.1117638,-1.177344E-03,-0.1278314,-0.2645897,-0.4087276,-0.5529475,-0.6946627,-0.8356926,-0.9644076,-1.064174,-1.133632,-1.190971,-1.26312,-1.341683,-1.406102,-1.455962,-1.500459,-1.537336,-1.580884,-1.612745,-1.6109,-1.573573,-1.498806,-1.384141,-1.242155,-1.064664,-0.8259923,-0.5287535,-0.1835732,0.2181216,0.6955915,1.234572,1.806876,2.420161,3.094804,3.830888,4.528405,5.062766,5.358219,NA,NA,NA
NA,NA,NA,3.585944,3.509484,3.233724,2.743788,2.137978,1.516353,0.9417237,0.4364636,2.727602E-04,-0.3918285,-0.7431908,-1.039226,-1.262049,-1.417877,-1.519125,-1.589055,-1.64064,-1.671934,-1.689388,-1.691417,-1.676295,-1.638947,-1.584947,-1.511047,-1.434704,-1.352561,-1.266027,-1.182614,-1.093481,-1.012701,-0.9535227,-0.8979173,-0.8327165,-0.7658706,-0.677636,-0.5809706,-0.461951,-0.3254134,-0.184207,-4.364967E-02,0.1000829,0.2425543,0.3767544,0.498704,0.608576,0.703252,0.7887867,0.8654545,0.954832,1.056186,1.143728,1.214123,1.266084,1.310688,1.344715,1.363731,1.362278,1.342141,1.29375,1.223024,1.14145,1.054577,0.9532248,0.8426808,0.7440131,0.6612261,0.5935349,0.5377941,0.5004845,0.4789239,0.4726241,0.4663008,0.4486231,0.4173259,0.3684205,0.2989474,0.2145662,0.1095697,-8.413186E-03,-0.1364333,-0.2694314,-0.4054348,-0.5385314,-0.6767116,-0.8082924,-0.9182296,-0.9942771,-1.054816,-1.121782,-1.191802,-1.253586,-1.307066,-1.357321,-1.401009,-1.443067,-1.473281,-1.478271,-1.444456,-1.370992,-1.263168,-1.129908,-0.9651209,-0.7403908,-0.4601645,-0.1292379,0.2645271,0.7261383,1.242788,1.80423,2.401638,3.052238,3.768626,4.449173,4.967686,5.257241,NA,NA,NA
NA,NA,NA,3.665012,3.584701,3.298474,2.783688,2.15454,1.509482,0.9131841,0.3910621,-6.015522E-02,-0.467526,-0.8261758,-1.127883,-1.367567,-1.546566,-1.670472,-1.753442,-1.814582,-1.854043,-1.88667,-1.898083,-1.887251,-1.859224,-1.823574,-1.762681,-1.696122,-1.620662,-1.536876,-1.460548,-1.371334,-1.289566,-1.228543,-1.168544,-1.105159,-1.036869,-0.9394771,-0.8396651,-0.721213,-0.5812622,-0.43941,-0.29859,-0.1617926,-2.354307E-02,0.1140035,0.2449992,0.3616061,0.4667096,0.5688896,0.6555734,0.7465898,0.8489238,0.9387705,1.014854,1.080749,1.139305,1.19036,1.232722,1.254101,1.247462,1.204741,1.140582,1.06688,0.9822015,0.8876365,0.78865,0.6998744,0.6236362,0.557758,0.5095884,0.4785192,0.4609225,0.458373,0.4626946,0.4571572,0.4393077,0.4025226,0.3464205,0.2788879,0.185942,7.778817E-02,-0.0428539,-0.168386,-0.3000084,-0.4263294,-0.5547293,-0.6846374,-0.7980727,-0.8874067,-0.9608656,-1.031495,-1.099064,-1.159079,-1.21085,-1.25796,-1.3058,-1.350429,-1.383303,-1.388288,-1.353296,-1.28213,-1.182836,-1.062724,-0.9125842,-0.7053436,-0.4453438,-0.1239454,0.2642369,0.7151746,1.216103,1.763049,2.343529,2.978983,3.670735,4.328546,4.83957,5.131506,NA,NA,NA
NA,NA,NA,3.723618,3.63571,3.335165,2.800129,2.153647,1.490954,0.8750519,0.3293471,-0.1451985,-0.5776064,-0.9495782,-1.252104,-1.503546,-1.700529,-1.843893,-1.940013,-2.008267,-2.054492,-2.098306,-2.11944,-2.117494,-2.099453,-2.080345,-2.039126,-1.985677,-1.916845,-1.838586,-1.76386,-1.676342,-1.589759,-1.515559,-1.446886,-1.387602,-1.318024,-1.216634,-1.110297,-0.9913539,-0.8508396,-0.7024166,-0.5588524,-0.4199735,-0.2814662,-0.1479411,-1.818421E-02,0.1041108,0.2156912,0.3251583,0.424751,0.5232733,0.6260126,0.7185234,0.8011417,0.8828273,0.9616609,1.034073,1.093725,1.127782,1.132596,1.105342,1.051807,0.9849105,0.9044733,0.8168927,0.7308814,0.6566083,0.5885574,0.527581,0.4890278,0.46598,0.45259,0.4501868,0.4579383,0.4590656,0.4508049,0.4250285,0.3825129,0.3287114,0.2535615,0.1569962,4.959021E-02,-6.426325E-02,-0.1852329,-0.3058425,-0.4265544,-0.5516402,-0.6626236,-0.7537867,-0.8353538,-0.9153361,-0.9911794,-1.053227,-1.107453,-1.159802,-1.209056,-1.255908,-1.292452,-1.299303,-1.263135,-1.198995,-1.11457,-1.006612,-0.8639023,-0.6718356,-0.4276601,-0.1117807,0.2661754,0.7041288,1.194815,1.727504,2.293258,2.913684,3.578822,4.212667,4.718111,5.013216,NA,NA,NA
NA,NA,NA,3.803998,3.714213,3.401888,2.851549,2.183644,1.496216,0.8585647,0.2913347,-0.206228,-0.6621633,-1.053116,-1.369095,-1.632495,-1.841852,-1.998702,-2.108954,-2.181246,-2.230032,-2.271491,-2.30245,-2.318004,-2.316738,-2.311675,-2.284124,-2.236683,-2.170116,-2.094063,-2.01832,-1.938865,-1.855212,-1.771535,-1.695902,-1.632037,-1.557182,-1.455714,-1.345188,-1.22663,-1.085737,-0.9370537,-0.7904249,-0.6400595,-0.4927621,-0.3588826,-0.2354973,-0.1120064,5.417125E-03,0.1169604,0.2262844,0.3346405,0.4387274,0.5329118,0.6226841,0.716674,0.812504,0.9063342,0.9831651,1.029869,1.043956,1.031805,0.9903103,0.928032,0.8555905,0.7771241,0.7053073,0.642556,0.5852163,0.5365257,0.5090761,0.4958759,0.4867702,0.4835274,0.4883682,0.4930604,0.4902967,0.4700965,0.4336491,0.389668,0.3324725,0.2531106,0.1627829,6.626108E-02,-3.845225E-02,-0.1496578,-0.2623605,-0.3773884,-0.4868703,-0.5790797,-0.6646274,-0.7511261,-0.8374494,-0.9037369,-0.9644642,-1.024555,-1.074333,-1.12274,-1.162841,-1.176601,-1.150908,-1.100183,-1.027025,-0.9265261,-0.7887426,-0.6087952,-0.3767857,-6.958853E-02,0.2962892,0.7221233,1.202079,1.721878,2.276703,2.882418,3.526677,4.144613,4.639391,4.929451,NA,NA,NA
NA,NA,NA,3.946037,3.854269,3.524237,2.955897,2.261768,1.54631,0.8845045,0.293891,-0.2271553,-0.70201,-1.113854,-1.454279,-1.733892,-1.955852,-2.123979,-2.242294,-2.31446,-2.362883,-2.401172,-2.441235,-2.472302,-2.483917,-2.48595,-2.467968,-2.426793,-2.362698,-2.287194,-2.209567,-2.138911,-2.067065,-1.984175,-1.906203,-1.834363,-1.752313,-1.648602,-1.533005,-1.411748,-1.274468,-1.129092,-0.9771556,-0.818693,-0.6599034,-0.5161634,-0.3885475,-0.2652546,-0.1451078,-3.031009E-02,0.0805617,0.191704,0.2997915,0.4017184,0.4972022,0.5957288,0.6990823,0.8079929,0.9028687,0.9682804,0.9922612,0.9918888,0.9576923,0.9021261,0.840472,0.7763399,0.7204275,0.671854,0.6312561,0.5993487,0.5841671,0.5793626,0.5746057,0.5710691,0.5705274,0.5696993,0.5639386,0.5462298,0.5133625,0.4774009,0.4334829,0.3738168,0.3001661,0.2201557,0.1346198,3.793389E-02,-6.428081E-02,-0.1699007,-0.2764609,-0.3696092,-0.4575568,-0.5484744,-0.6408716,-0.7126933,-0.7794632,-0.8473252,-0.9007677,-0.9547013,-1.001139,-1.024724,-1.01394,-0.9750696,-0.9088613,-0.8192934,-0.6918029,-0.5190452,-0.294666,2.558529E-03,0.3607201,0.7724899,1.2302,1.733707,2.282184,2.87854,3.508263,4.112248,4.591669,4.873835,NA,NA,NA
NA,NA,NA,4.139731,4.044517,3.701853,3.112837,2.386254,1.632932,0.9407653,0.3313099,-0.2058279,-0.6952402,-1.130861,-1.501231,-1.796742,-2.033452,-2.211405,-2.334788,-2.405301,-2.458446,-2.501342,-2.545577,-2.581963,-2.598228,-2.599759,-2.590737,-2.562526,-2.509293,-2.440367,-2.36518,-2.297625,-2.230849,-2.154938,-2.078714,-2.002173,-1.912243,-1.806744,-1.686802,-1.559363,-1.42681,-1.28599,-1.13281,-0.9732882,-0.8041989,-0.6428651,-0.4999756,-0.3711332,-0.2459959,-0.1260803,-1.624181E-02,0.0938562,0.2072118,0.3117013,0.4107547,0.5120493,0.6178947,0.7263666,0.8383233,0.9243329,0.9635141,0.9711927,0.9436873,0.9004764,0.8542652,0.8069168,0.765412,0.7317221,0.7119143,0.6994589,0.6993779,0.7038874,0.7037906,0.7000895,0.6949678,0.6831981,0.6680524,0.6490543,0.6204322,0.5914481,0.5557703,0.5118875,0.4588352,0.3992344,0.3267562,0.2390478,0.1486185,4.989944E-02,-5.202784E-02,-0.14462,-0.2357922,-0.3313459,-0.4262408,-0.5002846,-0.5693128,-0.6374914,-0.6916539,-0.7526953,-0.8138453,-0.8525161,-0.8571362,-0.8272895,-0.7739272,-0.6954867,-0.5784294,-0.4124619,-0.1937733,9.707497E-02,0.4512569,0.8497306,1.282909,1.765673,2.299394,2.883014,3.501647,4.093158,4.559143,4.83437,NA,NA,NA
NA,NA,NA,4.374616,4.275389,3.925889,3.312902,2.55162,1.758786,1.036594,0.4077385,-0.1461556,-0.6541073,-1.1168,-1.512941,-1.820194,-2.066286,-2.256514,-2.385921,-2.462347,-2.521602,-2.567751,-2.607338,-2.641649,-2.659022,-2.661713,-2.658914,-2.642677,-2.60596,-2.550911,-2.483985,-2.415553,-2.349586,-2.281484,-2.206264,-2.125335,-2.034552,-1.929553,-1.807106,-1.672953,-1.540454,-1.405313,-1.25498,-1.090727,-0.9209404,-0.7495496,-0.5861948,-0.4435155,-0.3084972,-0.1770149,-6.402931E-02,4.646018E-02,0.1606427,0.2610036,0.3553979,0.4608953,0.5659282,0.6715525,0.7944916,0.8913583,0.9431138,0.9624939,0.9487563,0.9214441,0.8924276,0.8665283,0.8410085,0.8225058,0.8197669,0.8254213,0.8370658,0.8499399,0.8537647,0.8504063,0.8423865,0.8262413,0.808587,0.7844524,0.7573929,0.7343574,0.7032205,0.6692535,0.6354725,0.5961273,0.5385998,0.4572748,0.372469,0.2794876,0.1796394,8.443132E-02,-0.0090116,-0.105148,-0.2016074,-0.2778564,-0.3489467,-0.4151206,-0.4687414,-0.5346704,-0.6054907,-0.6554348,-0.671622,-0.6552756,-0.6209095,-0.5571442,-0.4459462,-0.2867155,-7.408652E-02,0.2107565,0.5595701,0.9496629,1.369073,1.830108,2.341583,2.909312,3.516897,4.092822,4.543645,4.813181,NA,NA,NA
NA,NA,NA,4.628535,4.52763,4.174486,3.543327,2.749804,1.920809,1.171865,0.521264,-5.414277E-02,-0.5793995,-1.060335,-1.477061,-1.801312,-2.062856,-2.266743,-2.404182,-2.488906,-2.551637,-2.597343,-2.631439,-2.660706,-2.677945,-2.685466,-2.686927,-2.676052,-2.650176,-2.606496,-2.549444,-2.484728,-2.422603,-2.362954,-2.292114,-2.206815,-2.112815,-2.005479,-1.885258,-1.754473,-1.618186,-1.486439,-1.33641,-1.16395,-0.9904608,-0.8128229,-0.6325284,-0.4751716,-0.3284188,-0.1844105,-6.433479E-02,4.798097E-02,0.1606142,0.253518,0.3428114,0.452301,0.5576662,0.6598577,0.7824798,0.8816095,0.9423224,0.9763005,0.9821527,0.9722788,0.9609206,0.9574455,0.9509086,0.9459453,0.9522458,0.967477,0.9892132,1.011736,1.021718,1.02162,1.014396,1.000793,0.9867798,0.9596363,0.9282657,0.9041254,0.8750312,0.8473185,0.8255266,0.797314,0.7529983,0.6816049,0.601307,0.5151888,0.4196942,0.321822,0.2231243,0.1238584,0.0243196,-5.385726E-02,-0.1249565,-0.1899331,-0.2472385,-0.3181368,-0.3890668,-0.4414174,-0.4642735,-0.4626413,-0.4457244,-0.3971476,-0.2958134,-0.1470645,5.738384E-02,0.3338307,0.6727789,1.055172,1.465489,1.908422,2.401385,2.951731,3.544853,4.107444,4.54411,4.803273,NA,NA,NA
NA,NA,NA,4.897631,4.795873,4.432384,3.779217,2.954491,2.095873,1.322731,0.6488119,4.987144E-02,-0.492875,-0.9842104,-1.412878,-1.757033,-2.036524,-2.250717,-2.395868,-2.49135,-2.561709,-2.610359,-2.641762,-2.667787,-2.682386,-2.691509,-2.69798,-2.692674,-2.673527,-2.63687,-2.587198,-2.528515,-2.474147,-2.421736,-2.356161,-2.268364,-2.170367,-2.052697,-1.935172,-1.813197,-1.675525,-1.540719,-1.390631,-1.213768,-1.03381,-0.8478255,-0.6503786,-0.4775652,-0.3197821,-0.1668012,-4.193188E-02,7.305896E-02,0.1856526,0.2772455,0.3655548,0.4780489,0.5843559,0.6880251,0.8034617,0.900583,0.9671705,1.014305,1.040105,1.049119,1.054501,1.064936,1.075231,1.084979,1.098184,1.119543,1.148179,1.178154,1.194385,1.199651,1.197297,1.186713,1.175284,1.148249,1.11495,1.087913,1.059008,1.033467,1.014418,0.9878203,0.9511772,0.8884827,0.8119557,0.7303703,0.6436032,0.5488319,0.448431,0.3460871,0.2444125,0.1627166,8.905529E-02,1.997935E-02,-4.332889E-02,-0.1156311,-0.1794744,-0.2279234,-0.2579607,-0.2721518,-0.2694619,-0.235584,-0.1461707,-9.313235E-03,0.1826878,0.4459004,0.7707276,1.137657,1.533774,1.964974,2.44779,2.983712,3.561198,4.107066,4.526026,4.770893,NA,NA,NA
NA,NA,NA,5.169169,5.066549,4.688825,4.008751,3.153475,2.269641,1.471132,0.7711265,0.1496868,-0.4096844,-0.9090729,-1.343543,-1.702697,-1.997539,-2.219675,-2.373712,-2.481712,-2.563159,-2.619932,-2.653174,-2.677422,-2.689789,-2.700031,-2.707331,-2.705451,-2.692471,-2.662576,-2.617842,-2.565648,-2.517154,-2.470961,-2.405874,-2.315667,-2.213675,-2.08893,-1.971309,-1.857881,-1.72124,-1.577047,-1.428859,-1.248842,-1.057598,-0.8627913,-0.6552079,-0.4712789,-0.3081901,-0.1497012,-1.727828E-02,0.1047974,0.2213736,0.3142225,0.4070865,0.5209829,0.6303461,0.738139,0.8482836,0.9446973,1.01908,1.077234,1.117038,1.140477,1.158863,1.179053,1.199755,1.217051,1.238229,1.268497,1.302732,1.337596,1.354754,1.362122,1.36438,1.357446,1.348954,1.327773,1.299127,1.273045,1.246576,1.220886,1.20068,1.172003,1.131534,1.069156,0.9947195,0.9135051,0.8306056,0.7444559,0.6509053,0.5526865,0.4519986,0.3616799,0.2802552,0.2058134,0.1401277,7.160727E-02,8.294258E-03,-4.441819E-02,-8.715221E-02,-0.119013,-0.1297546,-0.1035891,-2.518031E-02,0.0993977,0.280645,0.5305201,0.8387114,1.188641,1.571987,1.996062,2.464896,2.982462,3.544763,4.074235,4.477334,4.710231,NA,NA,NA
NA,NA,NA,5.432774,5.329362,4.937431,4.234794,3.350001,2.442275,1.618096,0.8887475,0.2428536,-0.3334391,-0.8463482,-1.291304,-1.660563,-1.963205,-2.189284,-2.350088,-2.46769,-2.557606,-2.626642,-2.667019,-2.691521,-2.7038,-2.715014,-2.72257,-2.719941,-2.711518,-2.687688,-2.647789,-2.598933,-2.553287,-2.508695,-2.443619,-2.352183,-2.247472,-2.120229,-2.0031,-1.893778,-1.76439,-1.617291,-1.465997,-1.283449,-1.080666,-0.8758346,-0.6608778,-0.4690037,-0.3063174,-0.142723,3.14863E-03,0.1372397,0.2600524,0.3555253,0.4538845,0.5699518,0.6844915,0.7985968,0.9102092,1.009782,1.095744,1.165387,1.211948,1.24019,1.265063,1.296402,1.323885,1.34479,1.370019,1.409374,1.445825,1.47668,1.489713,1.495406,1.501824,1.503227,1.501561,1.488824,1.469915,1.451624,1.432234,1.405264,1.377385,1.342587,1.295135,1.230225,1.155407,1.072791,0.9883506,0.9051807,0.8178456,0.7265829,0.6311445,0.5362839,0.4444228,0.3585241,0.2847144,0.2176155,0.1483901,8.620103E-02,3.504606E-02,-7.978961E-03,-0.0306062,-1.404993E-02,5.365582E-02,0.1697433,0.3436759,0.5829713,0.8748606,1.213655,1.59345,2.01212,2.463046,2.954549,3.49672,4.012572,4.402266,4.628741,NA,NA,NA
NA,NA,NA,5.680601,5.572965,5.164559,4.44062,3.526135,2.593538,1.746412,0.9880298,0.3144323,-0.2767605,-0.8030447,-1.262749,-1.642629,-1.950841,-2.178858,-2.343133,-2.464923,-2.563346,-2.643052,-2.692758,-2.720955,-2.735137,-2.743914,-2.749381,-2.748885,-2.747036,-2.730736,-2.695271,-2.647179,-2.599138,-2.549168,-2.482866,-2.394177,-2.28615,-2.162814,-2.046111,-1.936171,-1.813678,-1.672422,-1.51796,-1.333443,-1.124827,-0.9113383,-0.6950144,-0.4997219,-0.3289593,-0.1557987,6.862402E-03,0.1527857,0.283379,0.3848214,0.4912853,0.6139674,0.7332125,0.8521339,0.9738066,1.079088,1.176086,1.254576,1.303352,1.33164,1.359488,1.397169,1.429006,1.454524,1.483789,1.52362,1.56114,1.589975,1.601261,1.604171,1.610306,1.614534,1.61862,1.619696,1.614048,1.606263,1.595619,1.568008,1.529656,1.482101,1.427075,1.361022,1.285254,1.201679,1.116053,1.027699,0.938736,0.8499079,0.75762,0.6629049,0.5679781,0.4730814,0.3840207,0.3079414,0.2262459,0.1515479,0.0950166,5.052722E-02,2.149701E-02,2.799821E-02,8.695209E-02,0.1993965,0.3693609,0.6004199,0.8761806,1.202751,1.574869,1.982529,2.414569,2.881801,3.402831,3.904077,4.285856,4.514168,NA,NA,NA
NA,NA,NA,5.895594,5.786931,5.366731,4.612595,3.664143,2.700427,1.830372,1.050102,0.3539759,-0.2538643,-0.7939689,-1.267078,-1.654222,-1.966106,-2.195678,-2.363117,-2.49011,-2.599598,-2.687684,-2.744783,-2.780509,-2.798434,-2.808042,-2.811685,-2.812101,-2.810933,-2.798156,-2.766757,-2.721392,-2.670977,-2.612786,-2.542843,-2.456559,-2.349689,-2.231708,-2.113701,-1.998366,-1.879108,-1.745361,-1.590928,-1.407051,-1.202066,-0.9852912,-0.7679446,-0.5687468,-0.3875911,-0.2052198,-3.089102E-02,0.1259718,0.267448,0.3814331,0.4949204,0.6277463,0.7532542,0.8771618,1.009982,1.124487,1.229654,1.313444,1.361234,1.390536,1.418967,1.454253,1.489268,1.520879,1.550913,1.585674,1.624389,1.654102,1.667658,1.669714,1.675852,1.681304,1.689648,1.700122,1.70614,1.709936,1.704502,1.678851,1.63407,1.575325,1.51204,1.448843,1.372736,1.286245,1.198369,1.107105,1.012716,0.9190132,0.822181,0.7256721,0.6322602,0.5357069,0.4357558,0.3429719,0.2462193,0.1572587,9.193401E-02,4.406767E-02,1.101057E-02,1.452295E-02,6.963544E-02,0.1775308,0.3394691,0.5587088,0.8199012,1.126984,1.477515,1.869434,2.289159,2.745543,3.247402,3.733697,4.10988,4.342658,NA,NA,NA
NA,NA,NA,6.063146,5.958178,5.53312,4.747201,3.766733,2.77145,1.875515,1.078174,0.3679692,-0.2576595,-0.8079823,-1.284008,-1.674681,-1.995213,-2.232613,-2.406555,-2.543508,-2.665463,-2.757961,-2.817424,-2.857007,-2.878999,-2.889776,-2.891653,-2.890239,-2.888553,-2.880502,-2.854259,-2.81025,-2.756725,-2.694591,-2.621702,-2.53517,-2.432775,-2.317522,-2.196872,-2.077826,-1.953162,-1.817907,-1.665441,-1.480872,-1.282397,-1.07467,-0.8564225,-0.6528655,-0.4620848,-0.2731566,-9.646598E-02,6.875011E-02,0.2193997,0.3458689,0.4641832,0.6059679,0.7376255,0.8670108,1.006141,1.129242,1.239718,1.329969,1.379231,1.412921,1.442263,1.471395,1.504686,1.53561,1.565775,1.598226,1.635374,1.667756,1.685748,1.690467,1.699418,1.710949,1.725264,1.742457,1.757116,1.770166,1.767366,1.738001,1.692468,1.631052,1.561535,1.496081,1.417598,1.328824,1.240479,1.146559,1.048641,0.9470829,0.8396897,0.7365994,0.6394864,0.5400783,0.4318454,0.3254044,0.217831,0.1185344,3.928133E-02,-0.0209351,-5.675307E-02,-5.150739E-02,1.404963E-03,0.1029017,0.2544325,0.4588135,0.7082971,0.9960842,1.320621,1.689798,2.094678,2.544427,3.034198,3.508607,3.878471,4.111073,NA,NA,NA
NA,NA,NA,6.196177,6.083235,5.655842,4.848163,3.841228,2.817234,1.898411,1.087914,0.3707357,-0.2704128,-0.8284699,-1.302379,-1.694287,-2.02895,-2.282009,-2.465132,-2.611747,-2.74059,-2.834399,-2.893732,-2.936134,-2.963319,-2.976819,-2.979523,-2.976098,-2.972142,-2.962824,-2.935306,-2.890172,-2.835419,-2.775862,-2.705013,-2.61741,-2.516133,-2.401764,-2.278848,-2.154393,-2.023235,-1.883096,-1.72946,-1.545399,-1.352561,-1.156007,-0.9424919,-0.7388877,-0.543281,-0.349941,-0.1700685,1.400765E-04,0.1597546,0.2978797,0.4230552,0.5738668,0.7118698,0.8444623,0.9852791,1.110013,1.221111,1.316106,1.373858,1.412788,1.44251,1.470213,1.499356,1.525507,1.55522,1.586222,1.621163,1.653133,1.676139,1.688778,1.706675,1.728787,1.746835,1.765863,1.78708,1.807632,1.804537,1.769773,1.720967,1.658566,1.585833,1.514626,1.430183,1.334497,1.244014,1.147636,1.048034,0.942472,0.8265711,0.7177569,0.6118843,0.494911,0.3721246,0.2593341,0.1505351,4.479504E-02,-5.018174E-02,-0.1248711,-0.1636393,-0.159888,-0.1140195,-2.188742E-02,0.1188083,0.3082137,0.5436044,0.8169523,1.124255,1.474451,1.864032,2.302931,2.784709,3.245534,3.603002,3.82849,NA,NA,NA
NA,NA,NA,6.285027,6.160066,5.723408,4.902277,3.877282,2.832942,1.894163,1.069285,0.3468268,-0.3016683,-0.864629,-1.33863,-1.731994,-2.075872,-2.339637,-2.529722,-2.682869,-2.817335,-2.912442,-2.978246,-3.029525,-3.059555,-3.071212,-3.072016,-3.064856,-3.053126,-3.036927,-3.003039,-2.954045,-2.901065,-2.84881,-2.786679,-2.69958,-2.592384,-2.473851,-2.345696,-2.216535,-2.078443,-1.936995,-1.787009,-1.605338,-1.416579,-1.228683,-1.023277,-0.8227274,-0.6233652,-0.4264355,-0.2439247,-6.709571E-02,0.1033865,0.2494279,0.3847863,0.5427572,0.6864269,0.819167,0.9626075,1.086673,1.191941,1.283929,1.34641,1.388827,1.421919,1.454937,1.482294,1.501515,1.527238,1.559708,1.595512,1.629603,1.658404,1.68159,1.707667,1.738371,1.761354,1.783134,1.808404,1.830261,1.82501,1.786902,1.730883,1.663941,1.590378,1.510735,1.41305,1.310086,1.22605,1.132376,1.032819,0.9254601,0.8054502,0.6855128,0.5629901,0.4231067,0.2874213,0.1701313,5.774324E-02,-6.035263E-02,-0.1709983,-0.2572491,-0.3013597,-0.3056527,-0.2707981,-0.1924838,-6.776269E-02,0.1067144,0.3283203,0.5886996,0.8817919,1.217396,1.596426,2.024936,2.50014,2.948498,3.290726,3.508218,NA,NA,NA
NA,NA,NA,6.331372,6.196514,5.746958,4.915591,3.873217,2.811916,1.855999,1.017632,0.2876456,-0.3614998,-0.9287711,-1.405937,-1.800313,-2.143027,-2.405951,-2.599907,-2.756719,-2.894412,-2.995862,-3.070723,-3.129337,-3.159245,-3.166766,-3.163453,-3.148747,-3.124954,-3.093803,-3.051258,-2.99812,-2.947036,-2.904488,-2.852771,-2.772717,-2.664271,-2.539036,-2.40338,-2.268172,-2.117339,-1.9758,-1.833863,-1.655933,-1.469511,-1.284798,-1.082201,-0.8850847,-0.6922846,-0.4998707,-0.3148226,-0.1301048,5.638239E-02,0.2125371,0.35723,0.5206078,0.667916,0.7973905,0.9386864,1.060861,1.161273,1.24313,1.305439,1.347548,1.379966,1.419805,1.454015,1.474031,1.492876,1.52599,1.565315,1.60377,1.636873,1.670319,1.703392,1.741733,1.772436,1.79794,1.821033,1.837373,1.828429,1.79131,1.731986,1.658064,1.581073,1.494727,1.383581,1.277056,1.201969,1.11256,1.010213,0.8986987,0.7736019,0.6381831,0.494361,0.338585,0.1953909,6.606469E-02,-6.113115E-02,-0.1992666,-0.3246837,-0.4226919,-0.4747256,-0.4908527,-0.4687918,-0.4043944,-0.2938658,-0.136347,6.734893E-02,0.3122463,0.5917635,0.920114,1.292434,1.710121,2.172807,2.613136,2.94573,3.160877,NA,NA,NA
NA,NA,NA,6.351975,6.214137,5.752264,4.911237,3.850631,2.772445,1.799075,0.943955,0.2005328,-0.4480086,-1.012878,-1.487602,-1.880457,-2.215215,-2.469998,-2.664556,-2.826373,-2.961361,-3.066279,-3.146462,-3.204009,-3.231149,-3.233171,-3.22322,-3.200962,-3.168579,-3.126513,-3.078337,-3.021754,-2.970317,-2.930796,-2.885683,-2.816482,-2.716236,-2.584581,-2.440523,-2.29922,-2.136388,-1.989305,-1.848559,-1.675029,-1.491023,-1.307262,-1.105064,-0.9095778,-0.7236165,-0.5336621,-0.3491633,-0.1617242,3.425778E-02,0.195415,0.3443971,0.5155668,0.6652184,0.7885321,0.9203629,1.038216,1.133918,1.208453,1.26673,1.306326,1.338893,1.380217,1.424624,1.453216,1.468993,1.498693,1.540922,1.58578,1.62349,1.663127,1.701671,1.746955,1.785875,1.814064,1.833456,1.842462,1.830435,1.793871,1.735276,1.655865,1.56972,1.475871,1.359151,1.254261,1.179854,1.088192,0.9776551,0.8574739,0.7226487,0.5723068,0.4168065,0.2537883,0.101273,-4.840134E-02,-0.2009473,-0.3567395,-0.4952644,-0.6034526,-0.6740106,-0.7101076,-0.7033121,-0.6500556,-0.5504285,-0.4035973,-0.2121561,1.635136E-02,0.2792132,0.5959584,0.9605038,1.371447,1.822402,2.254517,2.578627,2.791726,NA,NA,NA
NA,NA,NA,6.360171,6.220292,5.754596,4.90486,3.827701,2.730998,1.745064,0.8748226,0.1149858,-0.5372736,-1.096073,-1.559185,-1.941993,-2.269996,-2.521711,-2.714781,-2.876374,-3.001186,-3.10229,-3.182756,-3.234686,-3.258795,-3.255868,-3.240882,-3.212304,-3.17415,-3.125322,-3.071354,-3.015961,-2.968356,-2.926641,-2.879203,-2.81701,-2.725562,-2.595205,-2.444856,-2.298242,-2.130852,-1.971079,-1.81914,-1.649172,-1.468397,-1.28464,-1.082866,-0.8885915,-0.7051198,-0.5116406,-0.3240066,-0.143547,4.539973E-02,0.2070552,0.3600294,0.537405,0.6876163,0.8050552,0.9291786,1.040756,1.130165,1.19785,1.249454,1.287038,1.321445,1.363674,1.411957,1.447351,1.463951,1.494574,1.540348,1.591058,1.633083,1.675976,1.720064,1.7704,1.812903,1.842564,1.856595,1.858207,1.842507,1.805577,1.749263,1.664286,1.568598,1.466961,1.350684,1.248937,1.161931,1.056077,0.9350135,0.8023984,0.6589335,0.5020989,0.3422727,0.1739578,7.684764E-03,-0.1640328,-0.3402265,-0.5092996,-0.6548307,-0.7747681,-0.8700672,-0.9270965,-0.9395471,-0.9016008,-0.8131708,-0.6765412,-0.5015594,-0.2905528,-3.972167E-02,0.2605338,0.6123084,1.018472,1.462418,1.883362,2.195572,2.398658,NA,NA,NA
NA,NA,NA,6.349144,6.211417,5.747319,4.886678,3.795499,2.685524,1.693123,0.8134835,4.191855E-02,-0.61545,-1.169896,-1.624347,-1.996765,-2.317267,-2.565466,-2.752617,-2.904537,-3.019764,-3.117243,-3.191522,-3.232956,-3.248929,-3.240436,-3.220727,-3.18682,-3.141229,-3.089023,-3.03127,-2.980991,-2.938175,-2.890975,-2.840285,-2.780319,-2.688659,-2.559937,-2.408928,-2.260373,-2.095563,-1.926393,-1.762851,-1.594398,-1.416038,-1.229438,-1.028648,-0.8351408,-0.6483365,-0.4498571,-0.2647146,-9.368112E-02,8.232186E-02,0.2423719,0.3984407,0.5761088,0.7245459,0.8406425,0.9630914,1.068549,1.148615,1.207869,1.252447,1.290268,1.330051,1.37573,1.421828,1.457559,1.482871,1.521523,1.57053,1.62515,1.670567,1.714923,1.762426,1.813251,1.852882,1.878796,1.88712,1.88431,1.865038,1.824511,1.766757,1.6775,1.578424,1.46936,1.352779,1.251866,1.150259,1.029229,0.8963598,0.7491025,0.6016936,0.4422346,0.2722331,8.936087E-02,-9.101035E-02,-0.2753826,-0.4679595,-0.6486871,-0.8032323,-0.938335,-1.055561,-1.127244,-1.157941,-1.139956,-1.070189,-0.9506819,-0.7951246,-0.5991088,-0.3597512,-8.354463E-02,0.2459485,0.6438457,1.081374,1.496001,1.805054,1.991555,NA,NA,NA
NA,NA,NA,6.323718,6.185759,5.716579,4.842701,3.738584,2.615966,1.618328,0.7382834,-0.0339996,-0.6919206,-1.241178,-1.692224,-2.061035,-2.3692,-2.604444,-2.781332,-2.920479,-3.02902,-3.125118,-3.189237,-3.216144,-3.220435,-3.208226,-3.184718,-3.145369,-3.092269,-3.033884,-2.976611,-2.929173,-2.886974,-2.836838,-2.784819,-2.721209,-2.623682,-2.49524,-2.347351,-2.197727,-2.037461,-1.865827,-1.696445,-1.523533,-1.342768,-1.150083,-0.9468813,-0.749451,-0.5629715,-0.3705594,-0.1946084,-2.814452E-02,0.1410665,0.3002674,0.4534529,0.6207388,0.7638365,0.882737,1.004598,1.104393,1.1781,1.232008,1.276564,1.318146,1.361259,1.407924,1.450679,1.486905,1.521877,1.56784,1.620216,1.677175,1.724045,1.768659,1.814957,1.860051,1.891113,1.909248,1.913147,1.909073,1.886837,1.84199,1.778461,1.68603,1.588685,1.474843,1.355654,1.250747,1.135083,1.000588,0.8570404,0.6993552,0.5459467,0.374922,0.1842788,-1.390139E-02,-0.2053133,-0.4011092,-0.6039453,-0.7955017,-0.96215,-1.110874,-1.239268,-1.326234,-1.373895,-1.375057,-1.327496,-1.230894,-1.093667,-0.9117368,-0.6885384,-0.4378302,-0.1341703,0.2474965,0.6736034,1.081918,1.395758,1.573754,NA,NA,NA
NA,NA,NA,6.293442,6.150872,5.668896,4.781001,3.662321,2.524427,1.51955,0.6416036,-0.125798,-0.7792959,-1.317959,-1.759755,-2.123829,-2.415882,-2.633077,-2.802061,-2.932436,-3.031389,-3.122641,-3.181114,-3.196532,-3.189922,-3.175212,-3.150254,-3.106503,-3.048075,-2.982567,-2.920811,-2.867028,-2.817266,-2.766622,-2.712271,-2.640826,-2.540506,-2.415028,-2.271836,-2.120942,-1.962186,-1.795249,-1.6239,-1.444553,-1.258046,-1.056689,-0.8474993,-0.6452525,-0.4642126,-0.2868758,-0.1200433,4.735423E-02,0.2135165,0.3676499,0.5140423,0.6702334,0.8097835,0.9336005,1.050287,1.144657,1.216509,1.273033,1.322686,1.367796,1.411227,1.453811,1.492977,1.532178,1.572917,1.619175,1.672076,1.728626,1.777877,1.82054,1.860555,1.89412,1.915945,1.92828,1.92954,1.924895,1.897717,1.849693,1.781374,1.687549,1.589887,1.471761,1.347225,1.233389,1.105055,0.9589039,0.8078119,0.6452787,0.4756664,0.2827634,7.158036E-02,-0.1398287,-0.3479404,-0.5620426,-0.7712544,-0.9688724,-1.148334,-1.308858,-1.445226,-1.551237,-1.619605,-1.635042,-1.602292,-1.525448,-1.403934,-1.238589,-1.036857,-0.8084141,-0.5256759,-0.1611246,0.2534285,0.6490636,0.9623343,1.135583,NA,NA,NA
NA,NA,NA,6.239626,6.092053,5.597383,4.695231,3.563907,2.414892,1.405627,0.5286041,-0.2342687,-0.8812454,-1.407385,-1.833347,-2.181908,-2.457244,-2.662693,-2.826608,-2.947747,-3.035547,-3.114413,-3.167007,-3.176868,-3.166391,-3.149015,-3.116969,-3.063343,-2.998666,-2.928159,-2.858923,-2.795205,-2.736888,-2.682461,-2.623022,-2.546742,-2.448426,-2.330333,-2.186402,-2.035823,-1.877883,-1.71779,-1.544206,-1.359405,-1.167215,-0.9600121,-0.742458,-0.543048,-0.3711834,-0.2071909,-4.188426E-02,0.1222009,0.2833962,0.4298624,0.5733791,0.7269195,0.8657081,0.9920423,1.101028,1.193747,1.268456,1.329651,1.382452,1.428834,1.471523,1.51076,1.54709,1.587328,1.627452,1.664654,1.713208,1.767179,1.815476,1.854947,1.88768,1.912108,1.928946,1.938726,1.937062,1.929847,1.898325,1.849106,1.780531,1.686589,1.586524,1.463006,1.329886,1.202984,1.060766,0.9059876,0.747476,0.5758132,0.3837853,0.1684833,-5.613889E-02,-0.2763917,-0.5025637,-0.7382328,-0.9583713,-1.164719,-1.357509,-1.530429,-1.679792,-1.803759,-1.891537,-1.925185,-1.906795,-1.845792,-1.740375,-1.593593,-1.408754,-1.191621,-0.9209074,-0.5749357,-0.1777461,0.1994269,0.5053762,0.6791118,NA,NA,NA
NA,NA,NA,6.131961,5.986509,5.486159,4.571346,3.431697,2.281443,1.27097,0.3983181,-0.3533576,-0.990415,-1.508363,-1.923818,-2.257748,-2.519793,-2.715913,-2.867983,-2.974905,-3.051361,-3.114027,-3.156519,-3.16255,-3.147773,-3.120408,-3.073655,-3.010894,-2.93825,-2.864912,-2.788617,-2.716177,-2.653706,-2.594229,-2.529787,-2.450759,-2.352877,-2.237541,-2.094524,-1.946665,-1.792516,-1.640131,-1.469413,-1.281519,-1.084237,-0.8781481,-0.6605048,-0.466255,-0.3017543,-0.1428241,2.159318E-02,0.182339,0.3411369,0.4843757,0.6287997,0.7869416,0.9284507,1.053177,1.159482,1.255348,1.332907,1.391848,1.443405,1.490777,1.532303,1.568007,1.602,1.640591,1.674368,1.697928,1.739339,1.787214,1.831828,1.866468,1.894201,1.915354,1.932504,1.940825,1.93588,1.925345,1.894488,1.845549,1.778505,1.681929,1.576217,1.443636,1.298475,1.156798,1.004107,0.8441958,0.6772079,0.4899674,0.2763068,0.0502989,-0.180629,-0.4208823,-0.6676542,-0.9175305,-1.151998,-1.373399,-1.583012,-1.771458,-1.934604,-2.074134,-2.184836,-2.244161,-2.245439,-2.19472,-2.098253,-1.961265,-1.788577,-1.582375,-1.323221,-0.9999648,-0.6298491,-0.2743892,2.362874E-02,0.2074004,NA,NA,NA
NA,NA,NA,5.982723,5.840458,5.338569,4.414099,3.268477,2.118726,1.102705,0.2355921,-0.4974,-1.119084,-1.631346,-2.042614,-2.365724,-2.611056,-2.790619,-2.918855,-3.008411,-3.073303,-3.122269,-3.153364,-3.15514,-3.130613,-3.088079,-3.02539,-2.953127,-2.872727,-2.794509,-2.716022,-2.642557,-2.577439,-2.512044,-2.43911,-2.354107,-2.254498,-2.140949,-2.003988,-1.860627,-1.713043,-1.564083,-1.399223,-1.208874,-1.010489,-0.808134,-0.5968102,-0.4088961,-0.2509784,-0.0936418,7.073928E-02,0.2353004,0.3948401,0.5413004,0.6884035,0.8492524,0.990738,1.111569,1.221977,1.322102,1.399427,1.453431,1.503097,1.550948,1.58854,1.620114,1.653694,1.687622,1.71162,1.72628,1.759104,1.799646,1.834878,1.865003,1.890527,1.911454,1.92818,1.93413,1.927383,1.916304,1.887664,1.838202,1.769949,1.669073,1.557803,1.413635,1.252484,1.096162,0.9388137,0.7739302,0.5959989,0.389334,0.1596206,-7.800256E-02,-0.319654,-0.5780158,-0.8424702,-1.107765,-1.357562,-1.59365,-1.815649,-2.02212,-2.205652,-2.362142,-2.495202,-2.579878,-2.604306,-2.563549,-2.472101,-2.335535,-2.168369,-1.972586,-1.730587,-1.430169,-1.084884,-0.7516903,-0.4678953,-0.281131,NA,NA,NA
NA,NA,NA,5.823669,5.68249,5.176617,4.244006,3.09409,1.942794,0.9237435,6.316554E-02,-0.6533683,-1.25785,-1.761127,-2.165248,-2.476907,-2.70342,-2.857008,-2.959886,-3.033573,-3.083324,-3.121394,-3.142352,-3.136724,-3.098272,-3.041253,-2.970062,-2.888872,-2.800534,-2.716399,-2.634534,-2.558366,-2.489072,-2.41766,-2.336604,-2.24876,-2.151357,-2.037447,-1.903408,-1.758867,-1.617683,-1.474628,-1.312506,-1.121805,-0.9215643,-0.7257945,-0.5256369,-0.346081,-0.1916298,-3.537405E-02,0.133223,0.3019278,0.4637647,0.6152534,0.7646752,0.9215797,1.059904,1.178157,1.29412,1.396328,1.469527,1.523743,1.574199,1.618495,1.650049,1.674335,1.704028,1.732005,1.749545,1.764588,1.791639,1.824592,1.85045,1.875659,1.900137,1.919323,1.93139,1.934029,1.926383,1.915384,1.888145,1.838297,1.765369,1.662498,1.544177,1.38958,1.212815,1.046173,0.8802526,0.7013691,0.5129818,0.2920541,4.632049E-02,-0.2040643,-0.457652,-0.7323745,-1.01202,-1.287693,-1.550254,-1.800725,-2.037482,-2.26407,-2.464655,-2.636412,-2.782199,-2.884503,-2.92783,-2.905432,-2.82644,-2.697108,-2.535532,-2.345024,-2.11063,-1.823417,-1.496048,-1.174957,-0.9093372,-0.7360159,NA,NA,NA
NA,NA,NA,5.661054,5.521107,5.006325,4.068562,2.919361,1.774082,0.7639333,-9.130593E-02,-0.7981745,-1.38639,-1.874393,-2.264528,-2.560272,-2.766897,-2.897419,-2.982747,-3.040554,-3.07485,-3.099941,-3.108566,-3.093587,-3.045308,-2.977479,-2.898837,-2.806202,-2.710451,-2.616109,-2.521829,-2.435701,-2.361063,-2.285476,-2.205534,-2.118673,-2.020309,-1.901569,-1.763619,-1.620346,-1.482528,-1.339431,-1.172925,-0.9851705,-0.7924762,-0.6016512,-0.4129753,-0.2417322,-0.085516,7.068089E-02,0.2368935,0.4026574,0.5628992,0.7180588,0.8700578,1.019213,1.153235,1.2743,1.394126,1.493018,1.566327,1.628304,1.680132,1.717617,1.743211,1.762872,1.790261,1.815112,1.825539,1.838502,1.863599,1.894183,1.918933,1.941424,1.963188,1.978989,1.983901,1.981895,1.974223,1.959356,1.926853,1.871945,1.795619,1.691229,1.562473,1.397151,1.210053,1.034313,0.8581824,0.6668653,0.465272,0.2303354,-0.029938,-0.2939174,-0.5558136,-0.8365685,-1.129336,-1.421618,-1.699658,-1.964948,-2.215376,-2.452195,-2.664593,-2.850263,-3.002012,-3.111439,-3.166151,-3.167165,-3.111661,-3.001567,-2.848928,-2.659387,-2.42747,-2.142509,-1.817821,-1.498733,-1.249773,-1.092451,NA,NA,NA
NA,NA,NA,5.494675,5.350992,4.829654,3.890242,2.745128,1.613284,0.6175931,-0.2345108,-0.9314401,-1.503893,-1.974913,-2.348742,-2.625307,-2.811556,-2.923821,-2.998039,-3.041428,-3.063637,-3.07045,-3.063435,-3.034735,-2.976176,-2.901592,-2.814251,-2.710839,-2.604268,-2.495532,-2.384404,-2.28592,-2.20302,-2.125413,-2.047533,-1.957931,-1.855421,-1.729316,-1.585708,-1.445452,-1.306903,-1.160451,-0.9929433,-0.8112454,-0.627611,-0.4428199,-0.264579,-9.768979E-02,6.295525E-02,0.2207465,0.3791966,0.5402079,0.7003356,0.8550073,1.003942,1.149502,1.284509,1.409909,1.52657,1.623704,1.704292,1.775569,1.826834,1.853726,1.872452,1.895397,1.924795,1.94312,1.943805,1.950019,1.97472,2.005027,2.032075,2.053553,2.074473,2.08871,2.093087,2.088482,2.079296,2.05701,2.015825,1.951008,1.867528,1.760283,1.620029,1.447392,1.255971,1.071478,0.891017,0.690365,0.467643,0.2128418,-5.962095E-02,-0.3363863,-0.6103746,-0.8963056,-1.196545,-1.500088,-1.789781,-2.068546,-2.332947,-2.578596,-2.796849,-2.99006,-3.1425,-3.2566,-3.323145,-3.344545,-3.307414,-3.219161,-3.080998,-2.894095,-2.660028,-2.377103,-2.049125,-1.726951,-1.481128,-1.333923,NA,NA,NA
NA,NA,NA,5.344068,5.191789,4.668356,3.723777,2.575405,1.449707,0.4610982,-0.3849077,-1.066415,-1.622672,-2.080816,-2.439126,-2.692934,-2.856787,-2.956866,-3.019065,-3.04995,-3.055641,-3.042279,-3.016261,-2.970471,-2.90088,-2.819322,-2.723927,-2.610451,-2.491101,-2.368617,-2.244882,-2.134281,-2.040739,-1.956008,-1.871663,-1.77446,-1.667358,-1.536588,-1.391673,-1.252753,-1.109457,-0.9564499,-0.7956801,-0.6216829,-0.4408097,-0.2604529,-9.149294E-02,7.291938E-02,0.2376867,0.400565,0.55381,0.7103874,0.8652542,1.013776,1.159442,1.30841,1.445963,1.568926,1.679526,1.778932,1.868501,1.946793,1.997752,2.017137,2.028081,2.05179,2.079538,2.091577,2.090379,2.094213,2.119141,2.148896,2.174614,2.196314,2.218981,2.236634,2.244186,2.23838,2.225101,2.193926,2.141253,2.063609,1.969357,1.850382,1.702118,1.52726,1.334687,1.14053,0.9535453,0.7407692,0.4971646,0.2222056,-5.824893E-02,-0.3447871,-0.632029,-0.9207085,-1.220402,-1.525882,-1.827963,-2.120447,-2.396711,-2.646151,-2.873674,-3.077376,-3.238157,-3.356341,-3.430466,-3.457172,-3.431689,-3.358111,-3.232944,-3.053615,-2.825981,-2.540511,-2.200474,-1.872311,-1.622001,-1.475908,NA,NA,NA
NA,NA,NA,5.203745,5.052265,4.531204,3.577508,2.414451,1.28251,0.2982614,-0.5349925,-1.203924,-1.746246,-2.192566,-2.534831,-2.769333,-2.914499,-3.001465,-3.046717,-3.062836,-3.049991,-3.017597,-2.971044,-2.90871,-2.832163,-2.744238,-2.638394,-2.512935,-2.382869,-2.251506,-2.11927,-1.997216,-1.887024,-1.786257,-1.69046,-1.585656,-1.475939,-1.343224,-1.198214,-1.057498,-0.9089918,-0.7500718,-0.5904883,-0.4210296,-0.2427037,-6.614061E-02,0.1026753,0.263986,0.4283774,0.5964515,0.7533193,0.9035097,1.05217,1.193539,1.333204,1.482704,1.619598,1.738395,1.842889,1.943352,2.03812,2.119816,2.17072,2.189659,2.197315,2.212396,2.228838,2.235421,2.241355,2.25213,2.279848,2.3106,2.336416,2.362043,2.386563,2.404526,2.411619,2.406307,2.387749,2.346178,2.279509,2.189562,2.082342,1.949125,1.793732,1.618591,1.426554,1.225903,1.024867,0.7946105,0.5360561,0.2518894,-3.702094E-02,-0.3355567,-0.6356142,-0.9291235,-1.223826,-1.522843,-1.83126,-2.131203,-2.411847,-2.666968,-2.906124,-3.119924,-3.285687,-3.408152,-3.487946,-3.519032,-3.496889,-3.427639,-3.305947,-3.128568,-2.904901,-2.622277,-2.278617,-1.940686,-1.678083,-1.530641,NA,NA,NA
NA,NA,NA,5.076886,4.929002,4.407284,3.446273,2.270232,1.126788,0.1435223,-0.678215,-1.341473,-1.873518,-2.306904,-2.633053,-2.851826,-2.980549,-3.051174,-3.077139,-3.076917,-3.049177,-2.999189,-2.936038,-2.86038,-2.779432,-2.682107,-2.560457,-2.425274,-2.288855,-2.145583,-2.002454,-1.869327,-1.744388,-1.630676,-1.526899,-1.413333,-1.292872,-1.156693,-1.010911,-0.8668837,-0.7152346,-0.5526996,-0.3907091,-0.2234785,-4.667577E-02,0.1296832,0.2994871,0.4581641,0.6210647,0.7914284,0.9528971,1.10279,1.247735,1.379972,1.51431,1.659619,1.791438,1.909609,2.017112,2.119049,2.21301,2.290915,2.341652,2.365531,2.375493,2.381765,2.387994,2.392543,2.402325,2.420077,2.450328,2.480525,2.510486,2.538904,2.560954,2.575384,2.58106,2.577051,2.551156,2.497756,2.418897,2.318683,2.198617,2.054027,1.890503,1.710627,1.514867,1.311772,1.099403,0.8543956,0.5875327,0.3037971,8.185267E-03,-0.2978817,-0.602768,-0.899712,-1.193494,-1.489265,-1.798567,-2.098375,-2.376384,-2.635509,-2.879054,-3.096166,-3.265886,-3.393032,-3.479913,-3.517409,-3.497152,-3.419318,-3.287308,-3.105648,-2.879694,-2.592497,-2.245886,-1.906344,-1.641967,-1.491665,NA,NA,NA
NA,NA,NA,4.963582,4.815751,4.290508,3.325793,2.138863,0.980225,-9.733339E-03,-0.8260635,-1.484986,-2.014557,-2.437032,-2.747309,-2.95219,-3.069103,-3.121706,-3.12869,-3.10886,-3.065699,-3.000004,-2.923393,-2.832378,-2.739478,-2.629047,-2.492682,-2.34994,-2.204378,-2.049061,-1.894895,-1.749597,-1.614535,-1.494952,-1.382913,-1.258138,-1.126109,-0.9865052,-0.8401819,-0.6907263,-0.5342045,-0.3692189,-0.2047847,-3.830479E-02,0.1385844,0.3192119,0.4880885,0.6463835,0.8081181,0.9753095,1.137161,1.289918,1.435033,1.561989,1.690128,1.830135,1.959306,2.080436,2.196234,2.298725,2.383009,2.452288,2.501251,2.529665,2.543688,2.550509,2.55606,2.560075,2.56836,2.592049,2.623276,2.648659,2.677614,2.704332,2.720855,2.7305,2.737106,2.733624,2.703256,2.643626,2.558142,2.451109,2.320233,2.168203,1.997755,1.811261,1.607996,1.403939,1.189783,0.9465149,0.6776804,0.3957253,9.982542E-02,-0.2076806,-0.516003,-0.8151978,-1.107908,-1.401757,-1.708885,-2.007259,-2.285174,-2.543115,-2.786839,-3.002089,-3.170572,-3.300183,-3.396233,-3.441253,-3.412815,-3.313867,-3.16782,-2.982783,-2.749851,-2.455075,-2.108615,-1.768603,-1.502339,-1.344433,NA,NA,NA
NA,NA,NA,4.886056,4.730572,4.197173,3.223483,2.022654,0.8445053,-0.1567793,-0.9698938,-1.624138,-2.156154,-2.575874,-2.877569,-3.075428,-3.17939,-3.212592,-3.200141,-3.160505,-3.098986,-3.019402,-2.926462,-2.813516,-2.70032,-2.572932,-2.425496,-2.277465,-2.123615,-1.95712,-1.790535,-1.631479,-1.491749,-1.369492,-1.248479,-1.114537,-0.9753129,-0.8337173,-0.6849891,-0.5268491,-0.3627789,-0.1971912,-0.0331131,0.1384677,0.3211517,0.4991987,0.6676736,0.8350536,0.997735,1.159414,1.31881,1.473253,1.618775,1.749191,1.876458,2.009518,2.135345,2.256472,2.372048,2.473884,2.552276,2.619104,2.664583,2.691211,2.708997,2.721454,2.732709,2.739856,2.749601,2.781191,2.814336,2.832805,2.855177,2.873981,2.883581,2.891757,2.901569,2.892752,2.860086,2.800097,2.713302,2.598642,2.459077,2.302558,2.128913,1.939138,1.733003,1.526326,1.312973,1.07614,0.8140336,0.5347053,0.2424671,-5.806039E-02,-0.3633725,-0.662769,-0.9545528,-1.244861,-1.543737,-1.840328,-2.116957,-2.371265,-2.611361,-2.823225,-2.995752,-3.121147,-3.205325,-3.239487,-3.202141,-3.094132,-2.938191,-2.745066,-2.498348,-2.189841,-1.829338,-1.485154,-1.210389,-1.041401,NA,NA,NA
NA,NA,NA,4.825536,4.66663,4.128667,3.145132,1.928374,0.7289993,-0.2855225,-1.100584,-1.756032,-2.290622,-2.711303,-3.013062,-3.209002,-3.306168,-3.324717,-3.289999,-3.227716,-3.145489,-3.051536,-2.939057,-2.805207,-2.671069,-2.522347,-2.359403,-2.203894,-2.044356,-1.865589,-1.685117,-1.515458,-1.373544,-1.244999,-1.113547,-0.9745497,-0.8338287,-0.6877491,-0.5301549,-0.3625937,-0.1947144,-3.157138E-02,0.1348484,0.3157388,0.5008241,0.6793215,0.8546438,1.030622,1.190288,1.348186,1.504754,1.659712,1.805885,1.94408,2.075845,2.205984,2.327146,2.441462,2.550587,2.65278,2.735443,2.806705,2.850485,2.874518,2.896168,2.914546,2.93114,2.942443,2.955152,2.98916,3.020973,3.034449,3.053311,3.069676,3.076435,3.082155,3.090038,3.07222,3.036745,2.977082,2.890011,2.770978,2.630597,2.469885,2.291851,2.104594,1.903215,1.694844,1.484649,1.258324,1.011157,0.7419589,0.4582156,0.165915,-0.1297512,-0.4261141,-0.7156572,-0.9971121,-1.289869,-1.587572,-1.861591,-2.104264,-2.334548,-2.543669,-2.713869,-2.826566,-2.884164,-2.891701,-2.841146,-2.728155,-2.563279,-2.352452,-2.085141,-1.76138,-1.388891,-1.025901,-0.7327173,-0.5537007,NA,NA,NA
NA,NA,NA,4.72643,4.57902,4.048105,3.06655,1.837663,0.6181182,-0.4137883,-1.240128,-1.90109,-2.435212,-2.858007,-3.161583,-3.354187,-3.446197,-3.454917,-3.401632,-3.315507,-3.214002,-3.105699,-2.973594,-2.820003,-2.664487,-2.49302,-2.308568,-2.142466,-1.975215,-1.78348,-1.58976,-1.416922,-1.266921,-1.129705,-0.9924565,-0.8549803,-0.7120065,-0.5528041,-0.3792329,-0.2058696,-4.221286E-02,0.1205968,0.2918918,0.479685,0.670603,0.8584674,1.041549,1.214342,1.37307,1.528564,1.685443,1.841271,1.991242,2.135667,2.273207,2.403658,2.521595,2.633387,2.74266,2.846475,2.937659,3.015041,3.062914,3.091013,3.118555,3.142948,3.162781,3.175124,3.188572,3.216638,3.241388,3.251226,3.269604,3.288614,3.298822,3.303901,3.305449,3.280942,3.240497,3.178328,3.090328,2.973344,2.836967,2.678978,2.506526,2.328006,2.136138,1.934419,1.730815,1.516735,1.286974,1.041009,0.7723703,0.4930144,0.212598,-7.157256E-02,-0.3532192,-0.6290081,-0.92083,-1.219,-1.492958,-1.73279,-1.953755,-2.149188,-2.300314,-2.386479,-2.410472,-2.387312,-2.320854,-2.199572,-2.018985,-1.780212,-1.489854,-1.146622,-0.7498658,-0.3600394,-5.045803E-02,0.1359358,NA,NA,NA
NA,NA,NA,4.569495,4.432449,3.907664,2.943324,1.709706,0.4768873,-0.5751227,-1.420909,-2.091727,-2.624007,-3.043121,-3.342041,-3.525623,-3.61356,-3.621288,-3.556715,-3.450912,-3.326447,-3.197929,-3.047369,-2.877892,-2.701957,-2.508739,-2.302948,-2.119498,-1.939102,-1.732365,-1.530581,-1.349309,-1.184917,-1.041153,-0.9053127,-0.7697578,-0.620625,-0.4453515,-0.2602547,-8.989266E-02,6.803539E-02,0.2357124,0.4118299,0.6025161,0.8017961,0.9957695,1.17977,1.347942,1.513064,1.671604,1.830079,1.987042,2.142009,2.288595,2.427462,2.559144,2.684241,2.807682,2.926274,3.032481,3.127969,3.212097,3.268601,3.304357,3.336107,3.361495,3.379339,3.391122,3.407517,3.430862,3.451441,3.464414,3.484954,3.507278,3.522597,3.528881,3.524839,3.499261,3.456052,3.393234,3.306305,3.198024,3.072002,2.924284,2.764377,2.599119,2.422909,2.236924,2.051624,1.854342,1.645661,1.423594,1.178854,0.9151866,0.6482485,0.3784665,0.1100168,-0.161418,-0.4499854,-0.7433247,-1.012781,-1.244062,-1.448982,-1.621812,-1.740937,-1.793511,-1.790113,-1.744793,-1.651522,-1.502399,-1.296245,-1.031699,-0.7145554,-0.3356467,8.905646E-02,0.496634,0.8229208,1.020952,NA,NA,NA
NA,NA,NA,4.348393,4.215129,3.695622,2.740048,1.50477,0.2694404,-0.7915062,-1.651985,-2.327356,-2.861763,-3.278645,-3.573405,-3.753681,-3.84167,-3.847776,-3.774868,-3.653016,-3.512221,-3.361581,-3.18745,-2.995674,-2.797803,-2.586809,-2.362646,-2.158994,-1.960149,-1.7429,-1.534617,-1.341483,-1.165,-1.015282,-0.8774597,-0.7350212,-0.5747877,-0.3893465,-0.2018875,-3.677164E-02,0.1169309,0.2878611,0.4678222,0.6603487,0.8655679,1.061628,1.246787,1.419793,1.595416,1.760635,1.918234,2.080509,2.24439,2.392986,2.527973,2.661977,2.80293,2.943022,3.066351,3.171538,3.269876,3.357862,3.421023,3.463299,3.49435,3.516913,3.534523,3.552024,3.577063,3.603363,3.627027,3.650365,3.674493,3.695027,3.70934,3.717617,3.711547,3.68735,3.645605,3.589784,3.513654,3.419966,3.309771,3.182801,3.042411,2.895895,2.743033,2.587507,2.428289,2.254853,2.066636,1.865686,1.647309,1.409087,1.159162,0.9039369,0.6470819,0.3831441,0.103791,-0.1734216,-0.4282905,-0.647988,-0.8288222,-0.9646087,-1.043227,-1.065179,-1.039338,-0.9722088,-0.8463228,-0.6621177,-0.4295703,-0.1463676,0.1950965,0.6070905,1.056262,1.482989,1.8404,2.072851,NA,NA,NA
NA,NA,NA,4.132041,3.999946,3.488999,2.53109,1.293985,6.412134E-02,-0.9960252,-1.868883,-2.556535,-3.096247,-3.519314,-3.82239,-4.003316,-4.088645,-4.090549,-4.013855,-3.882245,-3.728055,-3.557042,-3.360873,-3.148068,-2.931921,-2.707046,-2.469367,-2.242157,-2.02327,-1.797824,-1.583546,-1.382645,-1.198412,-1.042222,-0.8997233,-0.7473378,-0.5804614,-0.3952813,-0.2119303,-4.715842E-02,0.1082917,0.2770295,0.4564002,0.6490052,0.8538936,1.050569,1.241425,1.424742,1.609175,1.782728,1.941496,2.111273,2.282797,2.432038,2.566221,2.707561,2.865503,3.020679,3.146461,3.251892,3.352652,3.440786,3.50455,3.546852,3.572613,3.594359,3.619637,3.650032,3.684622,3.716191,3.746247,3.778118,3.803002,3.819695,3.831321,3.840914,3.837119,3.816734,3.780619,3.731803,3.669703,3.591034,3.501895,3.396152,3.273426,3.147033,3.022202,2.899422,2.768466,2.618258,2.450227,2.266567,2.072451,1.856933,1.626572,1.382829,1.139413,0.8867024,0.6194752,0.3583612,0.1273866,-6.451409E-02,-0.2170461,-0.3209432,-0.3702004,-0.3667018,-0.3236453,-0.2375565,-9.127572E-02,0.1139775,0.3674589,0.6732384,1.042245,1.477042,1.940241,2.388204,2.772297,3.036058,NA,NA,NA
NA,NA,NA,3.98609,3.858421,3.357548,2.391595,1.151446,-0.074921,-1.131303,-2.008662,-2.70462,-3.256367,-3.700947,-4.014981,-4.190851,-4.265968,-4.26313,-4.188648,-4.060761,-3.90624,-3.728851,-3.520421,-3.288768,-3.056558,-2.820107,-2.570914,-2.329042,-2.095326,-1.861785,-1.641499,-1.436805,-1.247386,-1.085516,-0.9404601,-0.783851,-0.6148031,-0.4351469,-0.2557085,-8.498074E-02,7.571677E-02,0.2376159,0.4140713,0.6037537,0.8060457,1.004255,1.201268,1.391427,1.582637,1.762607,1.926963,2.102645,2.281506,2.437214,2.575876,2.723459,2.889337,3.0521,3.182847,3.292382,3.393961,3.477864,3.538041,3.575333,3.597776,3.626346,3.664813,3.707388,3.746765,3.781316,3.813925,3.842877,3.862636,3.878852,3.892017,3.901985,3.900628,3.885798,3.85495,3.812415,3.760846,3.691996,3.616632,3.52638,3.419492,3.307255,3.202821,3.103015,2.989575,2.854683,2.702334,2.531549,2.353004,2.151977,1.936247,1.704187,1.462934,1.210854,0.9542112,0.7097259,0.4983746,0.3244703,0.1898573,0.1082967,7.785121E-02,0.0956721,0.14607,0.2439238,0.4050757,0.6224509,0.8866283,1.204449,1.596133,2.047823,2.518573,2.976008,3.366889,3.643591,NA,NA,NA
NA,NA,NA,3.940301,3.822137,3.333242,2.371437,1.131239,-9.526099E-02,-1.151398,-2.029365,-2.733131,-3.298435,-3.763309,-4.085611,-4.253382,-4.310985,-4.309573,-4.242886,-4.12018,-3.966852,-3.793494,-3.581408,-3.339538,-3.10433,-2.867036,-2.618209,-2.36898,-2.127325,-1.893496,-1.672321,-1.466522,-1.27376,-1.110368,-0.9664046,-0.8108295,-0.6439281,-0.4668948,-0.2881297,-0.1115144,5.315252E-02,0.210722,0.3821963,0.5671988,0.7697195,0.9700145,1.170705,1.362595,1.556034,1.740118,1.911505,2.091707,2.273259,2.431572,2.573545,2.723224,2.890513,3.05492,3.187398,3.297911,3.398591,3.482961,3.543438,3.579428,3.602077,3.634282,3.677608,3.722114,3.762146,3.797601,3.831328,3.857983,3.875347,3.89191,3.907945,3.919381,3.920327,3.906774,3.87769,3.835186,3.786587,3.720988,3.649807,3.562756,3.462126,3.355649,3.257186,3.163427,3.056628,2.926521,2.779451,2.612214,2.437387,2.23835,2.027171,1.797363,1.556231,1.30111,1.047849,0.8059528,0.6018017,0.4368452,0.3133678,0.2421775,0.2184726,0.2415215,0.2932202,0.3868597,0.5424359,0.7532561,1.021551,1.34992,1.753874,2.213294,2.691562,3.147451,3.523035,3.803321,NA,NA,NA
NA,NA,NA,NA,NA,NA,NA,NA,NA,NA,NA,NA,NA,NA,NA,NA,NA,NA,NA,NA,NA,NA,NA,NA,NA,NA,NA,NA,NA,NA,NA,NA,NA,NA,NA,NA,NA,NA,NA,NA,NA,NA,NA,NA,NA,NA,NA,NA,NA,NA,NA,NA,NA,NA,NA,NA,NA,NA,NA,NA,NA,NA,NA,NA,NA,NA,NA,NA,NA,NA,NA,NA,NA,NA,NA,NA,NA,NA,NA,NA,NA,NA,NA,NA,NA,NA,NA,NA,NA,NA,NA,NA,NA,NA,NA,NA,NA,NA,NA,NA,NA,NA,NA,NA,NA,NA,NA,NA,NA,NA,NA,NA,NA,NA,NA,NA,NA,NA,NA,NA,NA
NA,NA,NA,NA,NA,NA,NA,NA,NA,NA,NA,NA,NA,NA,NA,NA,NA,NA,NA,NA,NA,NA,NA,NA,NA,NA,NA,NA,NA,NA,NA,NA,NA,NA,NA,NA,NA,NA,NA,NA,NA,NA,NA,NA,NA,NA,NA,NA,NA,NA,NA,NA,NA,NA,NA,NA,NA,NA,NA,NA,NA,NA,NA,NA,NA,NA,NA,NA,NA,NA,NA,NA,NA,NA,NA,NA,NA,NA,NA,NA,NA,NA,NA,NA,NA,NA,NA,NA,NA,NA,NA,NA,NA,NA,NA,NA,NA,NA,NA,NA,NA,NA,NA,NA,NA,NA,NA,NA,NA,NA,NA,NA,NA,NA,NA,NA,NA,NA,NA,NA,NA
NA,NA,NA,NA,NA,NA,NA,NA,NA,NA,NA,NA,NA,NA,NA,NA,NA,NA,NA,NA,NA,NA,NA,NA,NA,NA,NA,NA,NA,NA,NA,NA,NA,NA,NA,NA,NA,NA,NA,NA,NA,NA,NA,NA,NA,NA,NA,NA,NA,NA,NA,NA,NA,NA,NA,NA,NA,NA,NA,NA,NA,NA,NA,NA,NA,NA,NA,NA,NA,NA,NA,NA,NA,NA,NA,NA,NA,NA,NA,NA,NA,NA,NA,NA,NA,NA,NA,NA,NA,NA,NA,NA,NA,NA,NA,NA,NA,NA,NA,NA,NA,NA,NA,NA,NA,NA,NA,NA,NA,NA,NA,NA,NA,NA,NA,NA,NA,NA,NA,NA,NA
